num.gene,km.pvalue,core.gene
1 gene,0.0111728658684831,RP11-483E7.1
1 gene,0.428224935657197,FAM228B
1 gene,0.516995423705324,RP11-203J24.8
1 gene,0.605835020013433,MYB-AS1
1 gene,0.0626977811885699,DSG1
1 gene,0.950791788258349,RP4-773N10.5
1 gene,0.6959015301677,FAM3B
1 gene,0.623543201061854,CTB-32O4.2
1 gene,0.35404779832698,RP11-358B23.1
1 gene,0.437039864228039,TNK1
2 genes,0.209240084377479,RP11-483E7.1 | FAM228B
2 genes,0.230245659677537,RP11-483E7.1 | RP11-203J24.8
2 genes,0.333091345839429,RP11-483E7.1 | MYB-AS1
2 genes,0.0479883851917714,RP11-483E7.1 | DSG1
2 genes,0.057296759825413,RP11-483E7.1 | RP4-773N10.5
2 genes,0.205883973571791,RP11-483E7.1 | FAM3B
2 genes,0.034255515743878,RP11-483E7.1 | CTB-32O4.2
2 genes,0.0491848478706939,RP11-483E7.1 | RP11-358B23.1
2 genes,0.113069122208724,RP11-483E7.1 | TNK1
2 genes,0.134983411572813,FAM228B | RP11-203J24.8
2 genes,0.0290614177616439,FAM228B | MYB-AS1
2 genes,0.0958774888779955,FAM228B | DSG1
2 genes,0.00514494475123106,FAM228B | RP4-773N10.5
2 genes,0.0194491660726124,FAM228B | FAM3B
2 genes,0.303096370600978,FAM228B | CTB-32O4.2
2 genes,0.0422274497511037,FAM228B | RP11-358B23.1
2 genes,0.767922597115007,FAM228B | TNK1
2 genes,0.363195967616332,RP11-203J24.8 | MYB-AS1
2 genes,0.989155236746553,RP11-203J24.8 | DSG1
2 genes,0.151524687839476,RP11-203J24.8 | RP4-773N10.5
2 genes,0.177232667282136,RP11-203J24.8 | FAM3B
2 genes,0.244539732952426,RP11-203J24.8 | CTB-32O4.2
2 genes,0.272483237026058,RP11-203J24.8 | RP11-358B23.1
2 genes,0.136747389987773,RP11-203J24.8 | TNK1
2 genes,0.00554580538104466,MYB-AS1 | DSG1
2 genes,0.398167252894531,MYB-AS1 | RP4-773N10.5
2 genes,0.247450782124127,MYB-AS1 | FAM3B
2 genes,0.145021137346008,MYB-AS1 | CTB-32O4.2
2 genes,0.0797635387873271,MYB-AS1 | RP11-358B23.1
2 genes,0.0697654006628985,MYB-AS1 | TNK1
2 genes,0.463157132433827,DSG1 | RP4-773N10.5
2 genes,0.0307444262657068,DSG1 | FAM3B
2 genes,0.00454981467883364,DSG1 | CTB-32O4.2
2 genes,0.25660850699456,DSG1 | RP11-358B23.1
2 genes,0.119532003692741,DSG1 | TNK1
2 genes,0.17954538900368,RP4-773N10.5 | FAM3B
2 genes,0.0420229848164406,RP4-773N10.5 | CTB-32O4.2
2 genes,0.097375129491618,RP4-773N10.5 | RP11-358B23.1
2 genes,0.0590147213802333,RP4-773N10.5 | TNK1
2 genes,0.0139872537004914,FAM3B | CTB-32O4.2
2 genes,0.0314423377994395,FAM3B | RP11-358B23.1
2 genes,0.0180561284948987,FAM3B | TNK1
2 genes,0.0487304170702703,CTB-32O4.2 | RP11-358B23.1
2 genes,0.888194345497923,CTB-32O4.2 | TNK1
2 genes,0.610606172456992,RP11-358B23.1 | TNK1
3 genes,0.0245992485919433,RP11-483E7.1 | FAM228B | RP11-203J24.8
3 genes,0.0050173747951171,RP11-483E7.1 | FAM228B | MYB-AS1
3 genes,0.0748642651777162,RP11-483E7.1 | FAM228B | DSG1
3 genes,0.00855231847637028,RP11-483E7.1 | FAM228B | RP4-773N10.5
3 genes,0.000999461127753287,RP11-483E7.1 | FAM228B | FAM3B
3 genes,0.0755903436384888,RP11-483E7.1 | FAM228B | CTB-32O4.2
3 genes,0.0259420139400635,RP11-483E7.1 | FAM228B | RP11-358B23.1
3 genes,0.366458930375557,RP11-483E7.1 | FAM228B | TNK1
3 genes,0.0251182567517124,RP11-483E7.1 | RP11-203J24.8 | MYB-AS1
3 genes,0.31931618678591,RP11-483E7.1 | RP11-203J24.8 | DSG1
3 genes,0.0144769809753542,RP11-483E7.1 | RP11-203J24.8 | RP4-773N10.5
3 genes,0.130554161374129,RP11-483E7.1 | RP11-203J24.8 | FAM3B
3 genes,0.00708112865850052,RP11-483E7.1 | RP11-203J24.8 | CTB-32O4.2
3 genes,0.0169184851107325,RP11-483E7.1 | RP11-203J24.8 | RP11-358B23.1
3 genes,0.00512010709997401,RP11-483E7.1 | RP11-203J24.8 | TNK1
3 genes,0.00156992821086033,RP11-483E7.1 | MYB-AS1 | DSG1
3 genes,0.0598877503356594,RP11-483E7.1 | MYB-AS1 | RP4-773N10.5
3 genes,0.0245099568944147,RP11-483E7.1 | MYB-AS1 | FAM3B
3 genes,0.0051049385578088,RP11-483E7.1 | MYB-AS1 | CTB-32O4.2
3 genes,0.051646235459663,RP11-483E7.1 | MYB-AS1 | RP11-358B23.1
3 genes,0.0137316617026962,RP11-483E7.1 | MYB-AS1 | TNK1
3 genes,0.0309063464727056,RP11-483E7.1 | DSG1 | RP4-773N10.5
3 genes,0.0516642077066007,RP11-483E7.1 | DSG1 | FAM3B
3 genes,0.00486835779224015,RP11-483E7.1 | DSG1 | CTB-32O4.2
3 genes,0.0110520054334619,RP11-483E7.1 | DSG1 | RP11-358B23.1
3 genes,0.0290910480999869,RP11-483E7.1 | DSG1 | TNK1
3 genes,0.0115463297409698,RP11-483E7.1 | RP4-773N10.5 | FAM3B
3 genes,0.00028363389421282,RP11-483E7.1 | RP4-773N10.5 | CTB-32O4.2
3 genes,0.000855613210309025,RP11-483E7.1 | RP4-773N10.5 | RP11-358B23.1
3 genes,0.000411076349223882,RP11-483E7.1 | RP4-773N10.5 | TNK1
3 genes,0.00210893138104185,RP11-483E7.1 | FAM3B | CTB-32O4.2
3 genes,0.00760537028448505,RP11-483E7.1 | FAM3B | RP11-358B23.1
3 genes,0.0410423197661796,RP11-483E7.1 | FAM3B | TNK1
3 genes,0.045442763021339,RP11-483E7.1 | CTB-32O4.2 | RP11-358B23.1
3 genes,0.13596179189618,RP11-483E7.1 | CTB-32O4.2 | TNK1
3 genes,0.0481403386552732,RP11-483E7.1 | RP11-358B23.1 | TNK1
3 genes,0.00437078980524963,FAM228B | RP11-203J24.8 | MYB-AS1
3 genes,0.239752129384047,FAM228B | RP11-203J24.8 | DSG1
3 genes,0.190465499389053,FAM228B | RP11-203J24.8 | RP4-773N10.5
3 genes,0.0719300566983223,FAM228B | RP11-203J24.8 | FAM3B
3 genes,0.412830315862467,FAM228B | RP11-203J24.8 | CTB-32O4.2
3 genes,0.286098068847678,FAM228B | RP11-203J24.8 | RP11-358B23.1
3 genes,0.106880408291117,FAM228B | RP11-203J24.8 | TNK1
3 genes,0.0115158701507557,FAM228B | MYB-AS1 | DSG1
3 genes,0.00528173735123805,FAM228B | MYB-AS1 | RP4-773N10.5
3 genes,0.00845515865289959,FAM228B | MYB-AS1 | FAM3B
3 genes,0.11011156541833,FAM228B | MYB-AS1 | CTB-32O4.2
3 genes,0.0100208503985915,FAM228B | MYB-AS1 | RP11-358B23.1
3 genes,0.155239863013884,FAM228B | MYB-AS1 | TNK1
3 genes,0.0186903008261146,FAM228B | DSG1 | RP4-773N10.5
3 genes,0.0184808740484925,FAM228B | DSG1 | FAM3B
3 genes,0.521883955832662,FAM228B | DSG1 | CTB-32O4.2
3 genes,0.0380860291355178,FAM228B | DSG1 | RP11-358B23.1
3 genes,0.169745166187852,FAM228B | DSG1 | TNK1
3 genes,0.0657307773353765,FAM228B | RP4-773N10.5 | FAM3B
3 genes,0.02104541840936,FAM228B | RP4-773N10.5 | CTB-32O4.2
3 genes,0.00350456735191085,FAM228B | RP4-773N10.5 | RP11-358B23.1
3 genes,0.00538922484622417,FAM228B | RP4-773N10.5 | TNK1
3 genes,0.000921354230175808,FAM228B | FAM3B | CTB-32O4.2
3 genes,0.00432269255979711,FAM228B | FAM3B | RP11-358B23.1
3 genes,0.0122323592874581,FAM228B | FAM3B | TNK1
3 genes,0.929924306217687,FAM228B | CTB-32O4.2 | RP11-358B23.1
3 genes,0.962752843813202,FAM228B | CTB-32O4.2 | TNK1
3 genes,0.0808535830664963,FAM228B | RP11-358B23.1 | TNK1
3 genes,0.138722955287211,RP11-203J24.8 | MYB-AS1 | DSG1
3 genes,0.246008328157657,RP11-203J24.8 | MYB-AS1 | RP4-773N10.5
3 genes,0.118798807503547,RP11-203J24.8 | MYB-AS1 | FAM3B
3 genes,0.0374967071013641,RP11-203J24.8 | MYB-AS1 | CTB-32O4.2
3 genes,0.166191911436357,RP11-203J24.8 | MYB-AS1 | RP11-358B23.1
3 genes,0.0140535156829739,RP11-203J24.8 | MYB-AS1 | TNK1
3 genes,0.174882273856737,RP11-203J24.8 | DSG1 | RP4-773N10.5
3 genes,0.282431757224181,RP11-203J24.8 | DSG1 | FAM3B
3 genes,0.189090238501108,RP11-203J24.8 | DSG1 | CTB-32O4.2
3 genes,0.0814103796725435,RP11-203J24.8 | DSG1 | RP11-358B23.1
3 genes,0.376758389024216,RP11-203J24.8 | DSG1 | TNK1
3 genes,0.164445857860206,RP11-203J24.8 | RP4-773N10.5 | FAM3B
3 genes,0.0465472487625637,RP11-203J24.8 | RP4-773N10.5 | CTB-32O4.2
3 genes,0.0862795864266908,RP11-203J24.8 | RP4-773N10.5 | RP11-358B23.1
3 genes,0.0164958018515665,RP11-203J24.8 | RP4-773N10.5 | TNK1
3 genes,0.011879643210456,RP11-203J24.8 | FAM3B | CTB-32O4.2
3 genes,0.0618550313873084,RP11-203J24.8 | FAM3B | RP11-358B23.1
3 genes,0.00243240457199434,RP11-203J24.8 | FAM3B | TNK1
3 genes,0.17234789540396,RP11-203J24.8 | CTB-32O4.2 | RP11-358B23.1
3 genes,0.0925912797355383,RP11-203J24.8 | CTB-32O4.2 | TNK1
3 genes,0.0892023095861578,RP11-203J24.8 | RP11-358B23.1 | TNK1
3 genes,0.175895959186238,MYB-AS1 | DSG1 | RP4-773N10.5
3 genes,0.00834612797949286,MYB-AS1 | DSG1 | FAM3B
3 genes,0.0103905611915444,MYB-AS1 | DSG1 | CTB-32O4.2
3 genes,0.0482532044438079,MYB-AS1 | DSG1 | RP11-358B23.1
3 genes,0.0366097807776568,MYB-AS1 | DSG1 | TNK1
3 genes,0.35914912048055,MYB-AS1 | RP4-773N10.5 | FAM3B
3 genes,0.0279088695489064,MYB-AS1 | RP4-773N10.5 | CTB-32O4.2
3 genes,0.0267743666056185,MYB-AS1 | RP4-773N10.5 | RP11-358B23.1
3 genes,0.0229120231046053,MYB-AS1 | RP4-773N10.5 | TNK1
3 genes,0.0127841425165914,MYB-AS1 | FAM3B | CTB-32O4.2
3 genes,0.0251715053785212,MYB-AS1 | FAM3B | RP11-358B23.1
3 genes,0.0129855142966145,MYB-AS1 | FAM3B | TNK1
3 genes,0.17233947272469,MYB-AS1 | CTB-32O4.2 | RP11-358B23.1
3 genes,0.179120462239579,MYB-AS1 | CTB-32O4.2 | TNK1
3 genes,0.091536984382093,MYB-AS1 | RP11-358B23.1 | TNK1
3 genes,0.166532462468879,DSG1 | RP4-773N10.5 | FAM3B
3 genes,0.00515777911381987,DSG1 | RP4-773N10.5 | CTB-32O4.2
3 genes,0.0038256256907121,DSG1 | RP4-773N10.5 | RP11-358B23.1
3 genes,0.0365747567210871,DSG1 | RP4-773N10.5 | TNK1
3 genes,0.000632190489620932,DSG1 | FAM3B | CTB-32O4.2
3 genes,0.0287818937973709,DSG1 | FAM3B | RP11-358B23.1
3 genes,0.0032277997803718,DSG1 | FAM3B | TNK1
3 genes,0.0790036268873584,DSG1 | CTB-32O4.2 | RP11-358B23.1
3 genes,0.151531752780051,DSG1 | CTB-32O4.2 | TNK1
3 genes,0.0456806319192818,DSG1 | RP11-358B23.1 | TNK1
3 genes,0.000850291026676997,RP4-773N10.5 | FAM3B | CTB-32O4.2
3 genes,0.0280829589916306,RP4-773N10.5 | FAM3B | RP11-358B23.1
3 genes,0.0222755787096476,RP4-773N10.5 | FAM3B | TNK1
3 genes,0.0075012033662053,RP4-773N10.5 | CTB-32O4.2 | RP11-358B23.1
3 genes,0.0158935355623508,RP4-773N10.5 | CTB-32O4.2 | TNK1
3 genes,0.00526924986137223,RP4-773N10.5 | RP11-358B23.1 | TNK1
3 genes,0.0027051225867093,FAM3B | CTB-32O4.2 | RP11-358B23.1
3 genes,0.0431463369638074,FAM3B | CTB-32O4.2 | TNK1
3 genes,0.0104414973191326,FAM3B | RP11-358B23.1 | TNK1
3 genes,0.497906722256314,CTB-32O4.2 | RP11-358B23.1 | TNK1
4 genes,0.00607513345627064,RP11-483E7.1 | FAM228B | RP11-203J24.8 | MYB-AS1
4 genes,0.0246855905910933,RP11-483E7.1 | FAM228B | RP11-203J24.8 | DSG1
4 genes,0.011469031961293,RP11-483E7.1 | FAM228B | RP11-203J24.8 | RP4-773N10.5
4 genes,0.00571063328783195,RP11-483E7.1 | FAM228B | RP11-203J24.8 | FAM3B
4 genes,0.0213807434091571,RP11-483E7.1 | FAM228B | RP11-203J24.8 | CTB-32O4.2
4 genes,0.00959255241055323,RP11-483E7.1 | FAM228B | RP11-203J24.8 | RP11-358B23.1
4 genes,0.0193983509177743,RP11-483E7.1 | FAM228B | RP11-203J24.8 | TNK1
4 genes,0.0258375561902141,RP11-483E7.1 | FAM228B | MYB-AS1 | DSG1
4 genes,0.0096830033378934,RP11-483E7.1 | FAM228B | MYB-AS1 | RP4-773N10.5
4 genes,0.00122738060387673,RP11-483E7.1 | FAM228B | MYB-AS1 | FAM3B
4 genes,0.0652183797950198,RP11-483E7.1 | FAM228B | MYB-AS1 | CTB-32O4.2
4 genes,0.00918231512627432,RP11-483E7.1 | FAM228B | MYB-AS1 | RP11-358B23.1
4 genes,0.0591589085715483,RP11-483E7.1 | FAM228B | MYB-AS1 | TNK1
4 genes,0.00740725034420164,RP11-483E7.1 | FAM228B | DSG1 | RP4-773N10.5
4 genes,0.00204024238426781,RP11-483E7.1 | FAM228B | DSG1 | FAM3B
4 genes,0.0721478069932764,RP11-483E7.1 | FAM228B | DSG1 | CTB-32O4.2
4 genes,0.00609103734176553,RP11-483E7.1 | FAM228B | DSG1 | RP11-358B23.1
4 genes,0.049736274002312,RP11-483E7.1 | FAM228B | DSG1 | TNK1
4 genes,0.00299027249462425,RP11-483E7.1 | FAM228B | RP4-773N10.5 | FAM3B
4 genes,0.00340994680060058,RP11-483E7.1 | FAM228B | RP4-773N10.5 | CTB-32O4.2
4 genes,0.000476900870720942,RP11-483E7.1 | FAM228B | RP4-773N10.5 | RP11-358B23.1
4 genes,0.000782846370101176,RP11-483E7.1 | FAM228B | RP4-773N10.5 | TNK1
4 genes,0.00109955780188287,RP11-483E7.1 | FAM228B | FAM3B | CTB-32O4.2
4 genes,0.00124738922705125,RP11-483E7.1 | FAM228B | FAM3B | RP11-358B23.1
4 genes,0.00729823856916656,RP11-483E7.1 | FAM228B | FAM3B | TNK1
4 genes,0.0264918214960987,RP11-483E7.1 | FAM228B | CTB-32O4.2 | RP11-358B23.1
4 genes,0.124379276350032,RP11-483E7.1 | FAM228B | CTB-32O4.2 | TNK1
4 genes,0.0354782840320037,RP11-483E7.1 | FAM228B | RP11-358B23.1 | TNK1
4 genes,0.0159077143775447,RP11-483E7.1 | RP11-203J24.8 | MYB-AS1 | DSG1
4 genes,0.012124512324201,RP11-483E7.1 | RP11-203J24.8 | MYB-AS1 | RP4-773N10.5
4 genes,0.0128538920350161,RP11-483E7.1 | RP11-203J24.8 | MYB-AS1 | FAM3B
4 genes,0.00638560484372463,RP11-483E7.1 | RP11-203J24.8 | MYB-AS1 | CTB-32O4.2
4 genes,0.00432502094886844,RP11-483E7.1 | RP11-203J24.8 | MYB-AS1 | RP11-358B23.1
4 genes,0.00147729767197047,RP11-483E7.1 | RP11-203J24.8 | MYB-AS1 | TNK1
4 genes,0.00592513439512532,RP11-483E7.1 | RP11-203J24.8 | DSG1 | RP4-773N10.5
4 genes,0.0321086521559002,RP11-483E7.1 | RP11-203J24.8 | DSG1 | FAM3B
4 genes,0.00655895631452019,RP11-483E7.1 | RP11-203J24.8 | DSG1 | CTB-32O4.2
4 genes,0.0081885311683263,RP11-483E7.1 | RP11-203J24.8 | DSG1 | RP11-358B23.1
4 genes,0.0187450680587921,RP11-483E7.1 | RP11-203J24.8 | DSG1 | TNK1
4 genes,0.0627458028635587,RP11-483E7.1 | RP11-203J24.8 | RP4-773N10.5 | FAM3B
4 genes,0.00152171547676161,RP11-483E7.1 | RP11-203J24.8 | RP4-773N10.5 | CTB-32O4.2
4 genes,0.000706925849379703,RP11-483E7.1 | RP11-203J24.8 | RP4-773N10.5 | RP11-358B23.1
4 genes,0.000833997264025776,RP11-483E7.1 | RP11-203J24.8 | RP4-773N10.5 | TNK1
4 genes,0.0025145438135995,RP11-483E7.1 | RP11-203J24.8 | FAM3B | CTB-32O4.2
4 genes,0.00924510972197679,RP11-483E7.1 | RP11-203J24.8 | FAM3B | RP11-358B23.1
4 genes,0.00155564565848865,RP11-483E7.1 | RP11-203J24.8 | FAM3B | TNK1
4 genes,0.0182827664738509,RP11-483E7.1 | RP11-203J24.8 | CTB-32O4.2 | RP11-358B23.1
4 genes,0.00231508433055105,RP11-483E7.1 | RP11-203J24.8 | CTB-32O4.2 | TNK1
4 genes,0.00268266497486791,RP11-483E7.1 | RP11-203J24.8 | RP11-358B23.1 | TNK1
4 genes,0.0111690361444419,RP11-483E7.1 | MYB-AS1 | DSG1 | RP4-773N10.5
4 genes,0.0149548634683636,RP11-483E7.1 | MYB-AS1 | DSG1 | FAM3B
4 genes,0.00022059925512441,RP11-483E7.1 | MYB-AS1 | DSG1 | CTB-32O4.2
4 genes,0.00196638127230042,RP11-483E7.1 | MYB-AS1 | DSG1 | RP11-358B23.1
4 genes,0.00157411506037641,RP11-483E7.1 | MYB-AS1 | DSG1 | TNK1
4 genes,0.0187219446759523,RP11-483E7.1 | MYB-AS1 | RP4-773N10.5 | FAM3B
4 genes,0.000379055965276875,RP11-483E7.1 | MYB-AS1 | RP4-773N10.5 | CTB-32O4.2
4 genes,0.00111273033036452,RP11-483E7.1 | MYB-AS1 | RP4-773N10.5 | RP11-358B23.1
4 genes,0.00113009469032266,RP11-483E7.1 | MYB-AS1 | RP4-773N10.5 | TNK1
4 genes,0.00246440096215561,RP11-483E7.1 | MYB-AS1 | FAM3B | CTB-32O4.2
4 genes,0.00682773949479609,RP11-483E7.1 | MYB-AS1 | FAM3B | RP11-358B23.1
4 genes,0.181040705908623,RP11-483E7.1 | MYB-AS1 | FAM3B | TNK1
4 genes,0.0106463893595238,RP11-483E7.1 | MYB-AS1 | CTB-32O4.2 | RP11-358B23.1
4 genes,0.0155473878358514,RP11-483E7.1 | MYB-AS1 | CTB-32O4.2 | TNK1
4 genes,0.0142060985516622,RP11-483E7.1 | MYB-AS1 | RP11-358B23.1 | TNK1
4 genes,0.00170032739065362,RP11-483E7.1 | DSG1 | RP4-773N10.5 | FAM3B
4 genes,2.9473320873441e-05,RP11-483E7.1 | DSG1 | RP4-773N10.5 | CTB-32O4.2
4 genes,0.000335193286624347,RP11-483E7.1 | DSG1 | RP4-773N10.5 | RP11-358B23.1
4 genes,0.000629747623320909,RP11-483E7.1 | DSG1 | RP4-773N10.5 | TNK1
4 genes,0.00432655084424283,RP11-483E7.1 | DSG1 | FAM3B | CTB-32O4.2
4 genes,0.00214531200504053,RP11-483E7.1 | DSG1 | FAM3B | RP11-358B23.1
4 genes,0.00175118966056531,RP11-483E7.1 | DSG1 | FAM3B | TNK1
4 genes,0.0018544944075386,RP11-483E7.1 | DSG1 | CTB-32O4.2 | RP11-358B23.1
4 genes,0.0366355801455441,RP11-483E7.1 | DSG1 | CTB-32O4.2 | TNK1
4 genes,0.00374281119627939,RP11-483E7.1 | DSG1 | RP11-358B23.1 | TNK1
4 genes,9.47525689704021e-05,RP11-483E7.1 | RP4-773N10.5 | FAM3B | CTB-32O4.2
4 genes,0.000206035946062055,RP11-483E7.1 | RP4-773N10.5 | FAM3B | RP11-358B23.1
4 genes,0.000130369924878582,RP11-483E7.1 | RP4-773N10.5 | FAM3B | TNK1
4 genes,0.000299642574177472,RP11-483E7.1 | RP4-773N10.5 | CTB-32O4.2 | RP11-358B23.1
4 genes,0.000374541747234947,RP11-483E7.1 | RP4-773N10.5 | CTB-32O4.2 | TNK1
4 genes,4.59686065609199e-05,RP11-483E7.1 | RP4-773N10.5 | RP11-358B23.1 | TNK1
4 genes,0.00327548562500535,RP11-483E7.1 | FAM3B | CTB-32O4.2 | RP11-358B23.1
4 genes,0.00300106849048976,RP11-483E7.1 | FAM3B | CTB-32O4.2 | TNK1
4 genes,0.0023185989883866,RP11-483E7.1 | FAM3B | RP11-358B23.1 | TNK1
4 genes,0.0382253420578047,RP11-483E7.1 | CTB-32O4.2 | RP11-358B23.1 | TNK1
4 genes,0.0708166809182733,FAM228B | RP11-203J24.8 | MYB-AS1 | DSG1
4 genes,0.0321262488536199,FAM228B | RP11-203J24.8 | MYB-AS1 | RP4-773N10.5
4 genes,0.0165306621489707,FAM228B | RP11-203J24.8 | MYB-AS1 | FAM3B
4 genes,0.198588746605914,FAM228B | RP11-203J24.8 | MYB-AS1 | CTB-32O4.2
4 genes,0.140836663398731,FAM228B | RP11-203J24.8 | MYB-AS1 | RP11-358B23.1
4 genes,0.0186567400304621,FAM228B | RP11-203J24.8 | MYB-AS1 | TNK1
4 genes,0.0495098645565271,FAM228B | RP11-203J24.8 | DSG1 | RP4-773N10.5
4 genes,0.0272262411923699,FAM228B | RP11-203J24.8 | DSG1 | FAM3B
4 genes,0.289710720153792,FAM228B | RP11-203J24.8 | DSG1 | CTB-32O4.2
4 genes,0.28807359574808,FAM228B | RP11-203J24.8 | DSG1 | RP11-358B23.1
4 genes,0.34539197498822,FAM228B | RP11-203J24.8 | DSG1 | TNK1
4 genes,0.0422935722074965,FAM228B | RP11-203J24.8 | RP4-773N10.5 | FAM3B
4 genes,0.124238990665107,FAM228B | RP11-203J24.8 | RP4-773N10.5 | CTB-32O4.2
4 genes,0.0641394967567254,FAM228B | RP11-203J24.8 | RP4-773N10.5 | RP11-358B23.1
4 genes,0.0281633744760769,FAM228B | RP11-203J24.8 | RP4-773N10.5 | TNK1
4 genes,0.0936579026461222,FAM228B | RP11-203J24.8 | FAM3B | CTB-32O4.2
4 genes,0.0240653307234653,FAM228B | RP11-203J24.8 | FAM3B | RP11-358B23.1
4 genes,0.011947983689513,FAM228B | RP11-203J24.8 | FAM3B | TNK1
4 genes,0.387407600865624,FAM228B | RP11-203J24.8 | CTB-32O4.2 | RP11-358B23.1
4 genes,0.075336922494563,FAM228B | RP11-203J24.8 | CTB-32O4.2 | TNK1
4 genes,0.065996616159558,FAM228B | RP11-203J24.8 | RP11-358B23.1 | TNK1
4 genes,0.0104439343977802,FAM228B | MYB-AS1 | DSG1 | RP4-773N10.5
4 genes,0.00485091060488996,FAM228B | MYB-AS1 | DSG1 | FAM3B
4 genes,0.0175173733880492,FAM228B | MYB-AS1 | DSG1 | CTB-32O4.2
4 genes,0.0026767501495083,FAM228B | MYB-AS1 | DSG1 | RP11-358B23.1
4 genes,0.00332954636372484,FAM228B | MYB-AS1 | DSG1 | TNK1
4 genes,0.0598637332827664,FAM228B | MYB-AS1 | RP4-773N10.5 | FAM3B
4 genes,0.012662176518459,FAM228B | MYB-AS1 | RP4-773N10.5 | CTB-32O4.2
4 genes,0.0029018837528284,FAM228B | MYB-AS1 | RP4-773N10.5 | RP11-358B23.1
4 genes,0.00463728632801086,FAM228B | MYB-AS1 | RP4-773N10.5 | TNK1
4 genes,0.00162638545669325,FAM228B | MYB-AS1 | FAM3B | CTB-32O4.2
4 genes,0.0184041225202414,FAM228B | MYB-AS1 | FAM3B | RP11-358B23.1
4 genes,0.017682317713565,FAM228B | MYB-AS1 | FAM3B | TNK1
4 genes,0.0840223001854334,FAM228B | MYB-AS1 | CTB-32O4.2 | RP11-358B23.1
4 genes,0.0925848127309203,FAM228B | MYB-AS1 | CTB-32O4.2 | TNK1
4 genes,0.0133029868305707,FAM228B | MYB-AS1 | RP11-358B23.1 | TNK1
4 genes,0.00557805613920825,FAM228B | DSG1 | RP4-773N10.5 | FAM3B
4 genes,0.00154754618933306,FAM228B | DSG1 | RP4-773N10.5 | CTB-32O4.2
4 genes,0.00450511422939437,FAM228B | DSG1 | RP4-773N10.5 | RP11-358B23.1
4 genes,0.00364015246882299,FAM228B | DSG1 | RP4-773N10.5 | TNK1
4 genes,0.0303815688418769,FAM228B | DSG1 | FAM3B | CTB-32O4.2
4 genes,0.000832044126442999,FAM228B | DSG1 | FAM3B | RP11-358B23.1
4 genes,0.0135885022779852,FAM228B | DSG1 | FAM3B | TNK1
4 genes,0.299775809988488,FAM228B | DSG1 | CTB-32O4.2 | RP11-358B23.1
4 genes,0.543943812621738,FAM228B | DSG1 | CTB-32O4.2 | TNK1
4 genes,0.223659282909052,FAM228B | DSG1 | RP11-358B23.1 | TNK1
4 genes,0.0114925030278371,FAM228B | RP4-773N10.5 | FAM3B | CTB-32O4.2
4 genes,0.00123268078932526,FAM228B | RP4-773N10.5 | FAM3B | RP11-358B23.1
4 genes,0.00544762687166689,FAM228B | RP4-773N10.5 | FAM3B | TNK1
4 genes,0.00539907327672806,FAM228B | RP4-773N10.5 | CTB-32O4.2 | RP11-358B23.1
4 genes,0.0232963300837958,FAM228B | RP4-773N10.5 | CTB-32O4.2 | TNK1
4 genes,0.00260732469698266,FAM228B | RP4-773N10.5 | RP11-358B23.1 | TNK1
4 genes,0.0195579149755262,FAM228B | FAM3B | CTB-32O4.2 | RP11-358B23.1
4 genes,0.017867134578858,FAM228B | FAM3B | CTB-32O4.2 | TNK1
4 genes,0.000782668822056576,FAM228B | FAM3B | RP11-358B23.1 | TNK1
4 genes,0.495647306977316,FAM228B | CTB-32O4.2 | RP11-358B23.1 | TNK1
4 genes,0.0191107168077507,RP11-203J24.8 | MYB-AS1 | DSG1 | RP4-773N10.5
4 genes,0.0324931035208427,RP11-203J24.8 | MYB-AS1 | DSG1 | FAM3B
4 genes,0.149056205131332,RP11-203J24.8 | MYB-AS1 | DSG1 | CTB-32O4.2
4 genes,0.0554247965925166,RP11-203J24.8 | MYB-AS1 | DSG1 | RP11-358B23.1
4 genes,0.024311961196241,RP11-203J24.8 | MYB-AS1 | DSG1 | TNK1
4 genes,0.105904338322261,RP11-203J24.8 | MYB-AS1 | RP4-773N10.5 | FAM3B
4 genes,0.0823268621061919,RP11-203J24.8 | MYB-AS1 | RP4-773N10.5 | CTB-32O4.2
4 genes,0.121164117772688,RP11-203J24.8 | MYB-AS1 | RP4-773N10.5 | RP11-358B23.1
4 genes,0.0301652072433978,RP11-203J24.8 | MYB-AS1 | RP4-773N10.5 | TNK1
4 genes,0.0111218238900918,RP11-203J24.8 | MYB-AS1 | FAM3B | CTB-32O4.2
4 genes,0.0282617825795098,RP11-203J24.8 | MYB-AS1 | FAM3B | RP11-358B23.1
4 genes,0.00875201841005824,RP11-203J24.8 | MYB-AS1 | FAM3B | TNK1
4 genes,0.12535210745645,RP11-203J24.8 | MYB-AS1 | CTB-32O4.2 | RP11-358B23.1
4 genes,0.00791887265176749,RP11-203J24.8 | MYB-AS1 | CTB-32O4.2 | TNK1
4 genes,0.0111236962527109,RP11-203J24.8 | MYB-AS1 | RP11-358B23.1 | TNK1
4 genes,0.206753965806683,RP11-203J24.8 | DSG1 | RP4-773N10.5 | FAM3B
4 genes,0.0432149077925178,RP11-203J24.8 | DSG1 | RP4-773N10.5 | CTB-32O4.2
4 genes,0.219102976941505,RP11-203J24.8 | DSG1 | RP4-773N10.5 | RP11-358B23.1
4 genes,0.0912318448154599,RP11-203J24.8 | DSG1 | RP4-773N10.5 | TNK1
4 genes,0.0152262038690942,RP11-203J24.8 | DSG1 | FAM3B | CTB-32O4.2
4 genes,0.025209595940815,RP11-203J24.8 | DSG1 | FAM3B | RP11-358B23.1
4 genes,0.0125601186029418,RP11-203J24.8 | DSG1 | FAM3B | TNK1
4 genes,0.996883957171001,RP11-203J24.8 | DSG1 | CTB-32O4.2 | RP11-358B23.1
4 genes,0.303804937659621,RP11-203J24.8 | DSG1 | CTB-32O4.2 | TNK1
4 genes,0.0753697386252585,RP11-203J24.8 | DSG1 | RP11-358B23.1 | TNK1
4 genes,0.00255032108811026,RP11-203J24.8 | RP4-773N10.5 | FAM3B | CTB-32O4.2
4 genes,0.00560649796093915,RP11-203J24.8 | RP4-773N10.5 | FAM3B | RP11-358B23.1
4 genes,0.00644290963284488,RP11-203J24.8 | RP4-773N10.5 | FAM3B | TNK1
4 genes,0.132937988890588,RP11-203J24.8 | RP4-773N10.5 | CTB-32O4.2 | RP11-358B23.1
4 genes,0.0700823022127314,RP11-203J24.8 | RP4-773N10.5 | CTB-32O4.2 | TNK1
4 genes,0.0336197353854993,RP11-203J24.8 | RP4-773N10.5 | RP11-358B23.1 | TNK1
4 genes,0.0207106118094693,RP11-203J24.8 | FAM3B | CTB-32O4.2 | RP11-358B23.1
4 genes,0.00183999424344206,RP11-203J24.8 | FAM3B | CTB-32O4.2 | TNK1
4 genes,0.0149167953966082,RP11-203J24.8 | FAM3B | RP11-358B23.1 | TNK1
4 genes,0.0668988908167486,RP11-203J24.8 | CTB-32O4.2 | RP11-358B23.1 | TNK1
4 genes,0.101374641938623,MYB-AS1 | DSG1 | RP4-773N10.5 | FAM3B
4 genes,0.00118288766106633,MYB-AS1 | DSG1 | RP4-773N10.5 | CTB-32O4.2
4 genes,0.0104648749280629,MYB-AS1 | DSG1 | RP4-773N10.5 | RP11-358B23.1
4 genes,0.0250630830495804,MYB-AS1 | DSG1 | RP4-773N10.5 | TNK1
4 genes,0.0024215621852357,MYB-AS1 | DSG1 | FAM3B | CTB-32O4.2
4 genes,0.00431391408642368,MYB-AS1 | DSG1 | FAM3B | RP11-358B23.1
4 genes,0.00620594545472608,MYB-AS1 | DSG1 | FAM3B | TNK1
4 genes,0.00155177542782237,MYB-AS1 | DSG1 | CTB-32O4.2 | RP11-358B23.1
4 genes,0.0141502696341802,MYB-AS1 | DSG1 | CTB-32O4.2 | TNK1
4 genes,0.00660486030592788,MYB-AS1 | DSG1 | RP11-358B23.1 | TNK1
4 genes,0.00145819817296311,MYB-AS1 | RP4-773N10.5 | FAM3B | CTB-32O4.2
4 genes,0.0256977434930876,MYB-AS1 | RP4-773N10.5 | FAM3B | RP11-358B23.1
4 genes,0.0222755787096476,MYB-AS1 | RP4-773N10.5 | FAM3B | TNK1
4 genes,0.0111263787808097,MYB-AS1 | RP4-773N10.5 | CTB-32O4.2 | RP11-358B23.1
4 genes,0.0196262320142684,MYB-AS1 | RP4-773N10.5 | CTB-32O4.2 | TNK1
4 genes,0.0229255579656467,MYB-AS1 | RP4-773N10.5 | RP11-358B23.1 | TNK1
4 genes,0.00394060322716283,MYB-AS1 | FAM3B | CTB-32O4.2 | RP11-358B23.1
4 genes,0.00544232933209954,MYB-AS1 | FAM3B | CTB-32O4.2 | TNK1
4 genes,0.0104414973191326,MYB-AS1 | FAM3B | RP11-358B23.1 | TNK1
4 genes,0.119253923491142,MYB-AS1 | CTB-32O4.2 | RP11-358B23.1 | TNK1
4 genes,0.000164412931448199,DSG1 | RP4-773N10.5 | FAM3B | CTB-32O4.2
4 genes,0.00311810675178914,DSG1 | RP4-773N10.5 | FAM3B | RP11-358B23.1
4 genes,0.00645343537275966,DSG1 | RP4-773N10.5 | FAM3B | TNK1
4 genes,0.000126458982469213,DSG1 | RP4-773N10.5 | CTB-32O4.2 | RP11-358B23.1
4 genes,0.00667885345727404,DSG1 | RP4-773N10.5 | CTB-32O4.2 | TNK1
4 genes,0.00193953767878308,DSG1 | RP4-773N10.5 | RP11-358B23.1 | TNK1
4 genes,0.00250776854570478,DSG1 | FAM3B | CTB-32O4.2 | RP11-358B23.1
4 genes,0.0926897053924554,DSG1 | FAM3B | CTB-32O4.2 | TNK1
4 genes,0.0390129100315481,DSG1 | FAM3B | RP11-358B23.1 | TNK1
4 genes,0.0374284308937868,DSG1 | CTB-32O4.2 | RP11-358B23.1 | TNK1
4 genes,0.00275530346072073,RP4-773N10.5 | FAM3B | CTB-32O4.2 | RP11-358B23.1
4 genes,0.00219109414388408,RP4-773N10.5 | FAM3B | CTB-32O4.2 | TNK1
4 genes,0.000936040769071833,RP4-773N10.5 | FAM3B | RP11-358B23.1 | TNK1
4 genes,0.0115219127697843,RP4-773N10.5 | CTB-32O4.2 | RP11-358B23.1 | TNK1
4 genes,0.0162773760051363,FAM3B | CTB-32O4.2 | RP11-358B23.1 | TNK1
5 genes,0.00470970486405942,RP11-483E7.1 | FAM228B | RP11-203J24.8 | MYB-AS1 | DSG1
5 genes,0.0106823557530048,RP11-483E7.1 | FAM228B | RP11-203J24.8 | MYB-AS1 | RP4-773N10.5
5 genes,0.00554575941522595,RP11-483E7.1 | FAM228B | RP11-203J24.8 | MYB-AS1 | FAM3B
5 genes,0.00466331045128698,RP11-483E7.1 | FAM228B | RP11-203J24.8 | MYB-AS1 | CTB-32O4.2
5 genes,0.0109665423035421,RP11-483E7.1 | FAM228B | RP11-203J24.8 | MYB-AS1 | RP11-358B23.1
5 genes,0.00180854822118115,RP11-483E7.1 | FAM228B | RP11-203J24.8 | MYB-AS1 | TNK1
5 genes,0.00500189231006776,RP11-483E7.1 | FAM228B | RP11-203J24.8 | DSG1 | RP4-773N10.5
5 genes,0.00673714960128513,RP11-483E7.1 | FAM228B | RP11-203J24.8 | DSG1 | FAM3B
5 genes,0.00898706628462587,RP11-483E7.1 | FAM228B | RP11-203J24.8 | DSG1 | CTB-32O4.2
5 genes,0.0233456175532553,RP11-483E7.1 | FAM228B | RP11-203J24.8 | DSG1 | RP11-358B23.1
5 genes,0.0295087524643469,RP11-483E7.1 | FAM228B | RP11-203J24.8 | DSG1 | TNK1
5 genes,0.000691752848278937,RP11-483E7.1 | FAM228B | RP11-203J24.8 | RP4-773N10.5 | FAM3B
5 genes,0.00332522100471966,RP11-483E7.1 | FAM228B | RP11-203J24.8 | RP4-773N10.5 | CTB-32O4.2
5 genes,0.000327291991046086,RP11-483E7.1 | FAM228B | RP11-203J24.8 | RP4-773N10.5 | RP11-358B23.1
5 genes,0.000298082255499765,RP11-483E7.1 | FAM228B | RP11-203J24.8 | RP4-773N10.5 | TNK1
5 genes,0.00223382646151538,RP11-483E7.1 | FAM228B | RP11-203J24.8 | FAM3B | CTB-32O4.2
5 genes,0.00187187889647356,RP11-483E7.1 | FAM228B | RP11-203J24.8 | FAM3B | RP11-358B23.1
5 genes,0.00200184212112875,RP11-483E7.1 | FAM228B | RP11-203J24.8 | FAM3B | TNK1
5 genes,0.0182827664738509,RP11-483E7.1 | FAM228B | RP11-203J24.8 | CTB-32O4.2 | RP11-358B23.1
5 genes,0.00196316996173396,RP11-483E7.1 | FAM228B | RP11-203J24.8 | CTB-32O4.2 | TNK1
5 genes,0.016422853684777,RP11-483E7.1 | FAM228B | RP11-203J24.8 | RP11-358B23.1 | TNK1
5 genes,0.0247685767546346,RP11-483E7.1 | FAM228B | MYB-AS1 | DSG1 | RP4-773N10.5
5 genes,0.000459014471242747,RP11-483E7.1 | FAM228B | MYB-AS1 | DSG1 | FAM3B
5 genes,0.00227479852596579,RP11-483E7.1 | FAM228B | MYB-AS1 | DSG1 | CTB-32O4.2
5 genes,0.00207376141821236,RP11-483E7.1 | FAM228B | MYB-AS1 | DSG1 | RP11-358B23.1
5 genes,0.000534071024866245,RP11-483E7.1 | FAM228B | MYB-AS1 | DSG1 | TNK1
5 genes,0.00571575962786808,RP11-483E7.1 | FAM228B | MYB-AS1 | RP4-773N10.5 | FAM3B
5 genes,0.00340994680060058,RP11-483E7.1 | FAM228B | MYB-AS1 | RP4-773N10.5 | CTB-32O4.2
5 genes,0.000457085512427069,RP11-483E7.1 | FAM228B | MYB-AS1 | RP4-773N10.5 | RP11-358B23.1
5 genes,0.000248014465239366,RP11-483E7.1 | FAM228B | MYB-AS1 | RP4-773N10.5 | TNK1
5 genes,0.00454075660766595,RP11-483E7.1 | FAM228B | MYB-AS1 | FAM3B | CTB-32O4.2
5 genes,0.00123330984576919,RP11-483E7.1 | FAM228B | MYB-AS1 | FAM3B | RP11-358B23.1
5 genes,0.0387940467182256,RP11-483E7.1 | FAM228B | MYB-AS1 | FAM3B | TNK1
5 genes,0.0100949532239233,RP11-483E7.1 | FAM228B | MYB-AS1 | CTB-32O4.2 | RP11-358B23.1
5 genes,0.010272131178563,RP11-483E7.1 | FAM228B | MYB-AS1 | CTB-32O4.2 | TNK1
5 genes,0.013427984757683,RP11-483E7.1 | FAM228B | MYB-AS1 | RP11-358B23.1 | TNK1
5 genes,0.00386500716486859,RP11-483E7.1 | FAM228B | DSG1 | RP4-773N10.5 | FAM3B
5 genes,0.000102483178333945,RP11-483E7.1 | FAM228B | DSG1 | RP4-773N10.5 | CTB-32O4.2
5 genes,7.42430411996287e-05,RP11-483E7.1 | FAM228B | DSG1 | RP4-773N10.5 | RP11-358B23.1
5 genes,0.00238455129131876,RP11-483E7.1 | FAM228B | DSG1 | RP4-773N10.5 | TNK1
5 genes,0.00459807037672111,RP11-483E7.1 | FAM228B | DSG1 | FAM3B | CTB-32O4.2
5 genes,0.000505788870688639,RP11-483E7.1 | FAM228B | DSG1 | FAM3B | RP11-358B23.1
5 genes,0.00769632405157661,RP11-483E7.1 | FAM228B | DSG1 | FAM3B | TNK1
5 genes,0.0442925179265374,RP11-483E7.1 | FAM228B | DSG1 | CTB-32O4.2 | RP11-358B23.1
5 genes,0.0622916447924572,RP11-483E7.1 | FAM228B | DSG1 | CTB-32O4.2 | TNK1
5 genes,0.0172232432298889,RP11-483E7.1 | FAM228B | DSG1 | RP11-358B23.1 | TNK1
5 genes,0.00028919662301452,RP11-483E7.1 | FAM228B | RP4-773N10.5 | FAM3B | CTB-32O4.2
5 genes,0.000285477225077324,RP11-483E7.1 | FAM228B | RP4-773N10.5 | FAM3B | RP11-358B23.1
5 genes,0.00405717391795457,RP11-483E7.1 | FAM228B | RP4-773N10.5 | FAM3B | TNK1
5 genes,0.00147226288668012,RP11-483E7.1 | FAM228B | RP4-773N10.5 | CTB-32O4.2 | RP11-358B23.1
5 genes,0.00268522569023955,RP11-483E7.1 | FAM228B | RP4-773N10.5 | CTB-32O4.2 | TNK1
5 genes,0.000157298594707811,RP11-483E7.1 | FAM228B | RP4-773N10.5 | RP11-358B23.1 | TNK1
5 genes,0.014506092705149,RP11-483E7.1 | FAM228B | FAM3B | CTB-32O4.2 | RP11-358B23.1
5 genes,0.00255172834054151,RP11-483E7.1 | FAM228B | FAM3B | CTB-32O4.2 | TNK1
5 genes,0.00360929688928069,RP11-483E7.1 | FAM228B | FAM3B | RP11-358B23.1 | TNK1
5 genes,0.0450422756115095,RP11-483E7.1 | FAM228B | CTB-32O4.2 | RP11-358B23.1 | TNK1
5 genes,0.00608232615475524,RP11-483E7.1 | RP11-203J24.8 | MYB-AS1 | DSG1 | RP4-773N10.5
5 genes,0.0164753879965051,RP11-483E7.1 | RP11-203J24.8 | MYB-AS1 | DSG1 | FAM3B
5 genes,0.00586684823959904,RP11-483E7.1 | RP11-203J24.8 | MYB-AS1 | DSG1 | CTB-32O4.2
5 genes,0.0141427697659154,RP11-483E7.1 | RP11-203J24.8 | MYB-AS1 | DSG1 | RP11-358B23.1
5 genes,0.00170743432150011,RP11-483E7.1 | RP11-203J24.8 | MYB-AS1 | DSG1 | TNK1
5 genes,0.0899861015970824,RP11-483E7.1 | RP11-203J24.8 | MYB-AS1 | RP4-773N10.5 | FAM3B
5 genes,0.00195048295268729,RP11-483E7.1 | RP11-203J24.8 | MYB-AS1 | RP4-773N10.5 | CTB-32O4.2
5 genes,0.000851374094505308,RP11-483E7.1 | RP11-203J24.8 | MYB-AS1 | RP4-773N10.5 | RP11-358B23.1
5 genes,0.000401032327729589,RP11-483E7.1 | RP11-203J24.8 | MYB-AS1 | RP4-773N10.5 | TNK1
5 genes,0.000552697542509417,RP11-483E7.1 | RP11-203J24.8 | MYB-AS1 | FAM3B | CTB-32O4.2
5 genes,0.00586398457827153,RP11-483E7.1 | RP11-203J24.8 | MYB-AS1 | FAM3B | RP11-358B23.1
5 genes,0.00134460129880543,RP11-483E7.1 | RP11-203J24.8 | MYB-AS1 | FAM3B | TNK1
5 genes,0.00434325897435639,RP11-483E7.1 | RP11-203J24.8 | MYB-AS1 | CTB-32O4.2 | RP11-358B23.1
5 genes,0.000464856853940487,RP11-483E7.1 | RP11-203J24.8 | MYB-AS1 | CTB-32O4.2 | TNK1
5 genes,0.0015206447416346,RP11-483E7.1 | RP11-203J24.8 | MYB-AS1 | RP11-358B23.1 | TNK1
5 genes,0.0264637631409553,RP11-483E7.1 | RP11-203J24.8 | DSG1 | RP4-773N10.5 | FAM3B
5 genes,0.00178482009735337,RP11-483E7.1 | RP11-203J24.8 | DSG1 | RP4-773N10.5 | CTB-32O4.2
5 genes,0.00602867222763348,RP11-483E7.1 | RP11-203J24.8 | DSG1 | RP4-773N10.5 | RP11-358B23.1
5 genes,0.00184164497512362,RP11-483E7.1 | RP11-203J24.8 | DSG1 | RP4-773N10.5 | TNK1
5 genes,0.000899979620942015,RP11-483E7.1 | RP11-203J24.8 | DSG1 | FAM3B | CTB-32O4.2
5 genes,0.00309373261591117,RP11-483E7.1 | RP11-203J24.8 | DSG1 | FAM3B | RP11-358B23.1
5 genes,0.0018234376016224,RP11-483E7.1 | RP11-203J24.8 | DSG1 | FAM3B | TNK1
5 genes,0.0744637390139419,RP11-483E7.1 | RP11-203J24.8 | DSG1 | CTB-32O4.2 | RP11-358B23.1
5 genes,0.00598553255353085,RP11-483E7.1 | RP11-203J24.8 | DSG1 | CTB-32O4.2 | TNK1
5 genes,0.000936143564469361,RP11-483E7.1 | RP11-203J24.8 | DSG1 | RP11-358B23.1 | TNK1
5 genes,0.000366142029866179,RP11-483E7.1 | RP11-203J24.8 | RP4-773N10.5 | FAM3B | CTB-32O4.2
5 genes,0.000428724751178611,RP11-483E7.1 | RP11-203J24.8 | RP4-773N10.5 | FAM3B | RP11-358B23.1
5 genes,6.07847571831854e-05,RP11-483E7.1 | RP11-203J24.8 | RP4-773N10.5 | FAM3B | TNK1
5 genes,0.0121467894192583,RP11-483E7.1 | RP11-203J24.8 | RP4-773N10.5 | CTB-32O4.2 | RP11-358B23.1
5 genes,0.00186254748627745,RP11-483E7.1 | RP11-203J24.8 | RP4-773N10.5 | CTB-32O4.2 | TNK1
5 genes,0.000239809357133636,RP11-483E7.1 | RP11-203J24.8 | RP4-773N10.5 | RP11-358B23.1 | TNK1
5 genes,0.00435531130682887,RP11-483E7.1 | RP11-203J24.8 | FAM3B | CTB-32O4.2 | RP11-358B23.1
5 genes,0.000184908194639344,RP11-483E7.1 | RP11-203J24.8 | FAM3B | CTB-32O4.2 | TNK1
5 genes,0.00299334707762822,RP11-483E7.1 | RP11-203J24.8 | FAM3B | RP11-358B23.1 | TNK1
5 genes,0.00286978782161873,RP11-483E7.1 | RP11-203J24.8 | CTB-32O4.2 | RP11-358B23.1 | TNK1
5 genes,0.0013288063689435,RP11-483E7.1 | MYB-AS1 | DSG1 | RP4-773N10.5 | FAM3B
5 genes,2.9866832617631e-05,RP11-483E7.1 | MYB-AS1 | DSG1 | RP4-773N10.5 | CTB-32O4.2
5 genes,0.00222305918825016,RP11-483E7.1 | MYB-AS1 | DSG1 | RP4-773N10.5 | RP11-358B23.1
5 genes,0.000190464355234843,RP11-483E7.1 | MYB-AS1 | DSG1 | RP4-773N10.5 | TNK1
5 genes,0.000221194747591191,RP11-483E7.1 | MYB-AS1 | DSG1 | FAM3B | CTB-32O4.2
5 genes,0.00413059012309547,RP11-483E7.1 | MYB-AS1 | DSG1 | FAM3B | RP11-358B23.1
5 genes,0.000821426388157298,RP11-483E7.1 | MYB-AS1 | DSG1 | FAM3B | TNK1
5 genes,0.000293677382375512,RP11-483E7.1 | MYB-AS1 | DSG1 | CTB-32O4.2 | RP11-358B23.1
5 genes,0.000474842720011415,RP11-483E7.1 | MYB-AS1 | DSG1 | CTB-32O4.2 | TNK1
5 genes,0.000727640530800766,RP11-483E7.1 | MYB-AS1 | DSG1 | RP11-358B23.1 | TNK1
5 genes,9.47525689704021e-05,RP11-483E7.1 | MYB-AS1 | RP4-773N10.5 | FAM3B | CTB-32O4.2
5 genes,0.000209309418911396,RP11-483E7.1 | MYB-AS1 | RP4-773N10.5 | FAM3B | RP11-358B23.1
5 genes,0.000119533141745398,RP11-483E7.1 | MYB-AS1 | RP4-773N10.5 | FAM3B | TNK1
5 genes,0.000371196938867779,RP11-483E7.1 | MYB-AS1 | RP4-773N10.5 | CTB-32O4.2 | RP11-358B23.1
5 genes,0.00041089499899627,RP11-483E7.1 | MYB-AS1 | RP4-773N10.5 | CTB-32O4.2 | TNK1
5 genes,0.000170570178773533,RP11-483E7.1 | MYB-AS1 | RP4-773N10.5 | RP11-358B23.1 | TNK1
5 genes,0.00832060197352313,RP11-483E7.1 | MYB-AS1 | FAM3B | CTB-32O4.2 | RP11-358B23.1
5 genes,0.00430150307766353,RP11-483E7.1 | MYB-AS1 | FAM3B | CTB-32O4.2 | TNK1
5 genes,0.00205424142666044,RP11-483E7.1 | MYB-AS1 | FAM3B | RP11-358B23.1 | TNK1
5 genes,0.00634377252145935,RP11-483E7.1 | MYB-AS1 | CTB-32O4.2 | RP11-358B23.1 | TNK1
5 genes,0.000220900531517576,RP11-483E7.1 | DSG1 | RP4-773N10.5 | FAM3B | CTB-32O4.2
5 genes,0.000321854154844536,RP11-483E7.1 | DSG1 | RP4-773N10.5 | FAM3B | RP11-358B23.1
5 genes,0.000746837212900586,RP11-483E7.1 | DSG1 | RP4-773N10.5 | FAM3B | TNK1
5 genes,5.1874599813595e-05,RP11-483E7.1 | DSG1 | RP4-773N10.5 | CTB-32O4.2 | RP11-358B23.1
5 genes,0.000154857118100038,RP11-483E7.1 | DSG1 | RP4-773N10.5 | CTB-32O4.2 | TNK1
5 genes,0.000237540776983014,RP11-483E7.1 | DSG1 | RP4-773N10.5 | RP11-358B23.1 | TNK1
5 genes,0.00176986651572963,RP11-483E7.1 | DSG1 | FAM3B | CTB-32O4.2 | RP11-358B23.1
5 genes,0.00573100371481472,RP11-483E7.1 | DSG1 | FAM3B | CTB-32O4.2 | TNK1
5 genes,0.000433436125043651,RP11-483E7.1 | DSG1 | FAM3B | RP11-358B23.1 | TNK1
5 genes,0.00472014562647238,RP11-483E7.1 | DSG1 | CTB-32O4.2 | RP11-358B23.1 | TNK1
5 genes,0.000520090868756262,RP11-483E7.1 | RP4-773N10.5 | FAM3B | CTB-32O4.2 | RP11-358B23.1
5 genes,0.000162056199128013,RP11-483E7.1 | RP4-773N10.5 | FAM3B | CTB-32O4.2 | TNK1
5 genes,0.000196783963158809,RP11-483E7.1 | RP4-773N10.5 | FAM3B | RP11-358B23.1 | TNK1
5 genes,0.000639770400307493,RP11-483E7.1 | RP4-773N10.5 | CTB-32O4.2 | RP11-358B23.1 | TNK1
5 genes,0.00098650102133413,RP11-483E7.1 | FAM3B | CTB-32O4.2 | RP11-358B23.1 | TNK1
5 genes,0.0494864288164061,FAM228B | RP11-203J24.8 | MYB-AS1 | DSG1 | RP4-773N10.5
5 genes,0.00624402709046934,FAM228B | RP11-203J24.8 | MYB-AS1 | DSG1 | FAM3B
5 genes,0.073827710731035,FAM228B | RP11-203J24.8 | MYB-AS1 | DSG1 | CTB-32O4.2
5 genes,0.0552247868569359,FAM228B | RP11-203J24.8 | MYB-AS1 | DSG1 | RP11-358B23.1
5 genes,0.0266008433443397,FAM228B | RP11-203J24.8 | MYB-AS1 | DSG1 | TNK1
5 genes,0.0365857919356082,FAM228B | RP11-203J24.8 | MYB-AS1 | RP4-773N10.5 | FAM3B
5 genes,0.102921379685854,FAM228B | RP11-203J24.8 | MYB-AS1 | RP4-773N10.5 | CTB-32O4.2
5 genes,0.0361241963109001,FAM228B | RP11-203J24.8 | MYB-AS1 | RP4-773N10.5 | RP11-358B23.1
5 genes,0.0260941437994805,FAM228B | RP11-203J24.8 | MYB-AS1 | RP4-773N10.5 | TNK1
5 genes,0.00909520154784049,FAM228B | RP11-203J24.8 | MYB-AS1 | FAM3B | CTB-32O4.2
5 genes,0.0088865601114656,FAM228B | RP11-203J24.8 | MYB-AS1 | FAM3B | RP11-358B23.1
5 genes,0.00636413830632576,FAM228B | RP11-203J24.8 | MYB-AS1 | FAM3B | TNK1
5 genes,0.0399911246939472,FAM228B | RP11-203J24.8 | MYB-AS1 | CTB-32O4.2 | RP11-358B23.1
5 genes,0.0168644031056896,FAM228B | RP11-203J24.8 | MYB-AS1 | CTB-32O4.2 | TNK1
5 genes,0.02212410688629,FAM228B | RP11-203J24.8 | MYB-AS1 | RP11-358B23.1 | TNK1
5 genes,0.0125375328103962,FAM228B | RP11-203J24.8 | DSG1 | RP4-773N10.5 | FAM3B
5 genes,0.0440118996388956,FAM228B | RP11-203J24.8 | DSG1 | RP4-773N10.5 | CTB-32O4.2
5 genes,0.0354816269071065,FAM228B | RP11-203J24.8 | DSG1 | RP4-773N10.5 | RP11-358B23.1
5 genes,0.0720670866646786,FAM228B | RP11-203J24.8 | DSG1 | RP4-773N10.5 | TNK1
5 genes,0.0118784813185812,FAM228B | RP11-203J24.8 | DSG1 | FAM3B | CTB-32O4.2
5 genes,0.00658586964476027,FAM228B | RP11-203J24.8 | DSG1 | FAM3B | RP11-358B23.1
5 genes,0.0142073074091708,FAM228B | RP11-203J24.8 | DSG1 | FAM3B | TNK1
5 genes,0.381608519014258,FAM228B | RP11-203J24.8 | DSG1 | CTB-32O4.2 | RP11-358B23.1
5 genes,0.302062470682886,FAM228B | RP11-203J24.8 | DSG1 | CTB-32O4.2 | TNK1
5 genes,0.0687866283243329,FAM228B | RP11-203J24.8 | DSG1 | RP11-358B23.1 | TNK1
5 genes,0.0261835769764572,FAM228B | RP11-203J24.8 | RP4-773N10.5 | FAM3B | CTB-32O4.2
5 genes,0.00282848814920977,FAM228B | RP11-203J24.8 | RP4-773N10.5 | FAM3B | RP11-358B23.1
5 genes,0.00283151297901318,FAM228B | RP11-203J24.8 | RP4-773N10.5 | FAM3B | TNK1
5 genes,0.197089413938737,FAM228B | RP11-203J24.8 | RP4-773N10.5 | CTB-32O4.2 | RP11-358B23.1
5 genes,0.234405299997912,FAM228B | RP11-203J24.8 | RP4-773N10.5 | CTB-32O4.2 | TNK1
5 genes,0.0640825745160913,FAM228B | RP11-203J24.8 | RP4-773N10.5 | RP11-358B23.1 | TNK1
5 genes,0.0152852831246991,FAM228B | RP11-203J24.8 | FAM3B | CTB-32O4.2 | RP11-358B23.1
5 genes,0.0108419078991852,FAM228B | RP11-203J24.8 | FAM3B | CTB-32O4.2 | TNK1
5 genes,0.0275730036558373,FAM228B | RP11-203J24.8 | FAM3B | RP11-358B23.1 | TNK1
5 genes,0.146624951332076,FAM228B | RP11-203J24.8 | CTB-32O4.2 | RP11-358B23.1 | TNK1
5 genes,0.00848398421473395,FAM228B | MYB-AS1 | DSG1 | RP4-773N10.5 | FAM3B
5 genes,0.00189635742260452,FAM228B | MYB-AS1 | DSG1 | RP4-773N10.5 | CTB-32O4.2
5 genes,0.0149987137143831,FAM228B | MYB-AS1 | DSG1 | RP4-773N10.5 | RP11-358B23.1
5 genes,0.00490398069319065,FAM228B | MYB-AS1 | DSG1 | RP4-773N10.5 | TNK1
5 genes,0.00253344504851039,FAM228B | MYB-AS1 | DSG1 | FAM3B | CTB-32O4.2
5 genes,0.000420719297399508,FAM228B | MYB-AS1 | DSG1 | FAM3B | RP11-358B23.1
5 genes,0.0141286917153876,FAM228B | MYB-AS1 | DSG1 | FAM3B | TNK1
5 genes,0.00721751468800857,FAM228B | MYB-AS1 | DSG1 | CTB-32O4.2 | RP11-358B23.1
5 genes,0.0493077361480883,FAM228B | MYB-AS1 | DSG1 | CTB-32O4.2 | TNK1
5 genes,0.0115585414716889,FAM228B | MYB-AS1 | DSG1 | RP11-358B23.1 | TNK1
5 genes,0.0074800668995838,FAM228B | MYB-AS1 | RP4-773N10.5 | FAM3B | CTB-32O4.2
5 genes,0.00118824331237977,FAM228B | MYB-AS1 | RP4-773N10.5 | FAM3B | RP11-358B23.1
5 genes,0.0059462713014794,FAM228B | MYB-AS1 | RP4-773N10.5 | FAM3B | TNK1
5 genes,0.00648494374184516,FAM228B | MYB-AS1 | RP4-773N10.5 | CTB-32O4.2 | RP11-358B23.1
5 genes,0.0606550338464471,FAM228B | MYB-AS1 | RP4-773N10.5 | CTB-32O4.2 | TNK1
5 genes,0.00665132837398952,FAM228B | MYB-AS1 | RP4-773N10.5 | RP11-358B23.1 | TNK1
5 genes,0.0139829052911429,FAM228B | MYB-AS1 | FAM3B | CTB-32O4.2 | RP11-358B23.1
5 genes,0.0422034059603926,FAM228B | MYB-AS1 | FAM3B | CTB-32O4.2 | TNK1
5 genes,0.0051278820011893,FAM228B | MYB-AS1 | FAM3B | RP11-358B23.1 | TNK1
5 genes,0.113954991490996,FAM228B | MYB-AS1 | CTB-32O4.2 | RP11-358B23.1 | TNK1
5 genes,0.000286626935176004,FAM228B | DSG1 | RP4-773N10.5 | FAM3B | CTB-32O4.2
5 genes,0.000316746672695656,FAM228B | DSG1 | RP4-773N10.5 | FAM3B | RP11-358B23.1
5 genes,0.0588610572468308,FAM228B | DSG1 | RP4-773N10.5 | FAM3B | TNK1
5 genes,0.00794376014478404,FAM228B | DSG1 | RP4-773N10.5 | CTB-32O4.2 | RP11-358B23.1
5 genes,0.0123521178729443,FAM228B | DSG1 | RP4-773N10.5 | CTB-32O4.2 | TNK1
5 genes,0.00772892618173049,FAM228B | DSG1 | RP4-773N10.5 | RP11-358B23.1 | TNK1
5 genes,0.00386279526903877,FAM228B | DSG1 | FAM3B | CTB-32O4.2 | RP11-358B23.1
5 genes,0.0245922291559895,FAM228B | DSG1 | FAM3B | CTB-32O4.2 | TNK1
5 genes,0.00763121221062513,FAM228B | DSG1 | FAM3B | RP11-358B23.1 | TNK1
5 genes,0.100737588692009,FAM228B | DSG1 | CTB-32O4.2 | RP11-358B23.1 | TNK1
5 genes,0.00425186281890344,FAM228B | RP4-773N10.5 | FAM3B | CTB-32O4.2 | RP11-358B23.1
5 genes,0.00408589809812865,FAM228B | RP4-773N10.5 | FAM3B | CTB-32O4.2 | TNK1
5 genes,0.00113747507732687,FAM228B | RP4-773N10.5 | FAM3B | RP11-358B23.1 | TNK1
5 genes,0.0476485210334178,FAM228B | RP4-773N10.5 | CTB-32O4.2 | RP11-358B23.1 | TNK1
5 genes,0.0160609645891763,FAM228B | FAM3B | CTB-32O4.2 | RP11-358B23.1 | TNK1
5 genes,0.00360416741947256,RP11-203J24.8 | MYB-AS1 | DSG1 | RP4-773N10.5 | FAM3B
5 genes,0.0946100417918074,RP11-203J24.8 | MYB-AS1 | DSG1 | RP4-773N10.5 | CTB-32O4.2
5 genes,0.106673144815502,RP11-203J24.8 | MYB-AS1 | DSG1 | RP4-773N10.5 | RP11-358B23.1
5 genes,0.0181089702885551,RP11-203J24.8 | MYB-AS1 | DSG1 | RP4-773N10.5 | TNK1
5 genes,0.010900847140266,RP11-203J24.8 | MYB-AS1 | DSG1 | FAM3B | CTB-32O4.2
5 genes,0.0354539237019361,RP11-203J24.8 | MYB-AS1 | DSG1 | FAM3B | RP11-358B23.1
5 genes,0.0120745963294275,RP11-203J24.8 | MYB-AS1 | DSG1 | FAM3B | TNK1
5 genes,0.12491868047464,RP11-203J24.8 | MYB-AS1 | DSG1 | CTB-32O4.2 | RP11-358B23.1
5 genes,0.0200446219397522,RP11-203J24.8 | MYB-AS1 | DSG1 | CTB-32O4.2 | TNK1
5 genes,0.0844962185034202,RP11-203J24.8 | MYB-AS1 | DSG1 | RP11-358B23.1 | TNK1
5 genes,0.00778462614642783,RP11-203J24.8 | MYB-AS1 | RP4-773N10.5 | FAM3B | CTB-32O4.2
5 genes,0.00935762926521944,RP11-203J24.8 | MYB-AS1 | RP4-773N10.5 | FAM3B | RP11-358B23.1
5 genes,0.00895772119348126,RP11-203J24.8 | MYB-AS1 | RP4-773N10.5 | FAM3B | TNK1
5 genes,0.107491274170597,RP11-203J24.8 | MYB-AS1 | RP4-773N10.5 | CTB-32O4.2 | RP11-358B23.1
5 genes,0.0118617437580675,RP11-203J24.8 | MYB-AS1 | RP4-773N10.5 | CTB-32O4.2 | TNK1
5 genes,0.00436862329501864,RP11-203J24.8 | MYB-AS1 | RP4-773N10.5 | RP11-358B23.1 | TNK1
5 genes,0.0453721469676787,RP11-203J24.8 | MYB-AS1 | FAM3B | CTB-32O4.2 | RP11-358B23.1
5 genes,0.003717916354538,RP11-203J24.8 | MYB-AS1 | FAM3B | CTB-32O4.2 | TNK1
5 genes,0.0173197075921354,RP11-203J24.8 | MYB-AS1 | FAM3B | RP11-358B23.1 | TNK1
5 genes,0.00832985460798918,RP11-203J24.8 | MYB-AS1 | CTB-32O4.2 | RP11-358B23.1 | TNK1
5 genes,0.00679866725039391,RP11-203J24.8 | DSG1 | RP4-773N10.5 | FAM3B | CTB-32O4.2
5 genes,0.0356370351287435,RP11-203J24.8 | DSG1 | RP4-773N10.5 | FAM3B | RP11-358B23.1
5 genes,0.00415862701087688,RP11-203J24.8 | DSG1 | RP4-773N10.5 | FAM3B | TNK1
5 genes,0.523550986810399,RP11-203J24.8 | DSG1 | RP4-773N10.5 | CTB-32O4.2 | RP11-358B23.1
5 genes,0.080605727898857,RP11-203J24.8 | DSG1 | RP4-773N10.5 | CTB-32O4.2 | TNK1
5 genes,0.0530192215549069,RP11-203J24.8 | DSG1 | RP4-773N10.5 | RP11-358B23.1 | TNK1
5 genes,0.123054885270246,RP11-203J24.8 | DSG1 | FAM3B | CTB-32O4.2 | RP11-358B23.1
5 genes,0.011636837932178,RP11-203J24.8 | DSG1 | FAM3B | CTB-32O4.2 | TNK1
5 genes,0.00493925087466873,RP11-203J24.8 | DSG1 | FAM3B | RP11-358B23.1 | TNK1
5 genes,0.308046378974312,RP11-203J24.8 | DSG1 | CTB-32O4.2 | RP11-358B23.1 | TNK1
5 genes,0.0305275652133422,RP11-203J24.8 | RP4-773N10.5 | FAM3B | CTB-32O4.2 | RP11-358B23.1
5 genes,0.0107078108527054,RP11-203J24.8 | RP4-773N10.5 | FAM3B | CTB-32O4.2 | TNK1
5 genes,0.00779060184184488,RP11-203J24.8 | RP4-773N10.5 | FAM3B | RP11-358B23.1 | TNK1
5 genes,0.019443079037505,RP11-203J24.8 | RP4-773N10.5 | CTB-32O4.2 | RP11-358B23.1 | TNK1
5 genes,0.0189325618283038,RP11-203J24.8 | FAM3B | CTB-32O4.2 | RP11-358B23.1 | TNK1
5 genes,0.000370820204941169,MYB-AS1 | DSG1 | RP4-773N10.5 | FAM3B | CTB-32O4.2
5 genes,0.00858990954546612,MYB-AS1 | DSG1 | RP4-773N10.5 | FAM3B | RP11-358B23.1
5 genes,0.0365580985336676,MYB-AS1 | DSG1 | RP4-773N10.5 | FAM3B | TNK1
5 genes,0.000273400578256866,MYB-AS1 | DSG1 | RP4-773N10.5 | CTB-32O4.2 | RP11-358B23.1
5 genes,0.000283131515862234,MYB-AS1 | DSG1 | RP4-773N10.5 | CTB-32O4.2 | TNK1
5 genes,0.00140806180906217,MYB-AS1 | DSG1 | RP4-773N10.5 | RP11-358B23.1 | TNK1
5 genes,7.63301868548227e-05,MYB-AS1 | DSG1 | FAM3B | CTB-32O4.2 | RP11-358B23.1
5 genes,0.00211286631115426,MYB-AS1 | DSG1 | FAM3B | CTB-32O4.2 | TNK1
5 genes,0.00277890969471151,MYB-AS1 | DSG1 | FAM3B | RP11-358B23.1 | TNK1
5 genes,0.00286057314377264,MYB-AS1 | DSG1 | CTB-32O4.2 | RP11-358B23.1 | TNK1
5 genes,0.00483293082971337,MYB-AS1 | RP4-773N10.5 | FAM3B | CTB-32O4.2 | RP11-358B23.1
5 genes,0.0144193623708279,MYB-AS1 | RP4-773N10.5 | FAM3B | CTB-32O4.2 | TNK1
5 genes,0.00140042316165789,MYB-AS1 | RP4-773N10.5 | FAM3B | RP11-358B23.1 | TNK1
5 genes,0.0436294762818976,MYB-AS1 | RP4-773N10.5 | CTB-32O4.2 | RP11-358B23.1 | TNK1
5 genes,0.00819356058868037,MYB-AS1 | FAM3B | CTB-32O4.2 | RP11-358B23.1 | TNK1
5 genes,0.000320056439534366,DSG1 | RP4-773N10.5 | FAM3B | CTB-32O4.2 | RP11-358B23.1
5 genes,0.000145364865223208,DSG1 | RP4-773N10.5 | FAM3B | CTB-32O4.2 | TNK1
5 genes,0.0128521446874963,DSG1 | RP4-773N10.5 | FAM3B | RP11-358B23.1 | TNK1
5 genes,0.00300305272565338,DSG1 | RP4-773N10.5 | CTB-32O4.2 | RP11-358B23.1 | TNK1
5 genes,0.00240574962296158,DSG1 | FAM3B | CTB-32O4.2 | RP11-358B23.1 | TNK1
5 genes,0.000625329673119568,RP4-773N10.5 | FAM3B | CTB-32O4.2 | RP11-358B23.1 | TNK1
6 genes,0.0194332405463546,RP11-483E7.1 | FAM228B | RP11-203J24.8 | MYB-AS1 | DSG1 | RP4-773N10.5
6 genes,0.00182097561775996,RP11-483E7.1 | FAM228B | RP11-203J24.8 | MYB-AS1 | DSG1 | FAM3B
6 genes,0.00141751805286161,RP11-483E7.1 | FAM228B | RP11-203J24.8 | MYB-AS1 | DSG1 | CTB-32O4.2
6 genes,0.00107744070926896,RP11-483E7.1 | FAM228B | RP11-203J24.8 | MYB-AS1 | DSG1 | RP11-358B23.1
6 genes,0.00215732166473281,RP11-483E7.1 | FAM228B | RP11-203J24.8 | MYB-AS1 | DSG1 | TNK1
6 genes,0.0013735197352045,RP11-483E7.1 | FAM228B | RP11-203J24.8 | MYB-AS1 | RP4-773N10.5 | FAM3B
6 genes,0.00332522100471966,RP11-483E7.1 | FAM228B | RP11-203J24.8 | MYB-AS1 | RP4-773N10.5 | CTB-32O4.2
6 genes,0.000525517641794759,RP11-483E7.1 | FAM228B | RP11-203J24.8 | MYB-AS1 | RP4-773N10.5 | RP11-358B23.1
6 genes,0.000133961827896489,RP11-483E7.1 | FAM228B | RP11-203J24.8 | MYB-AS1 | RP4-773N10.5 | TNK1
6 genes,0.000120414669351421,RP11-483E7.1 | FAM228B | RP11-203J24.8 | MYB-AS1 | FAM3B | CTB-32O4.2
6 genes,0.000389717561746106,RP11-483E7.1 | FAM228B | RP11-203J24.8 | MYB-AS1 | FAM3B | RP11-358B23.1
6 genes,0.00200184212112875,RP11-483E7.1 | FAM228B | RP11-203J24.8 | MYB-AS1 | FAM3B | TNK1
6 genes,0.00434325897435639,RP11-483E7.1 | FAM228B | RP11-203J24.8 | MYB-AS1 | CTB-32O4.2 | RP11-358B23.1
6 genes,0.000464856853940487,RP11-483E7.1 | FAM228B | RP11-203J24.8 | MYB-AS1 | CTB-32O4.2 | TNK1
6 genes,0.00349032101344471,RP11-483E7.1 | FAM228B | RP11-203J24.8 | MYB-AS1 | RP11-358B23.1 | TNK1
6 genes,0.0175486274606909,RP11-483E7.1 | FAM228B | RP11-203J24.8 | DSG1 | RP4-773N10.5 | FAM3B
6 genes,0.00342285932577069,RP11-483E7.1 | FAM228B | RP11-203J24.8 | DSG1 | RP4-773N10.5 | CTB-32O4.2
6 genes,0.00646969032913325,RP11-483E7.1 | FAM228B | RP11-203J24.8 | DSG1 | RP4-773N10.5 | RP11-358B23.1
6 genes,0.00500630184764039,RP11-483E7.1 | FAM228B | RP11-203J24.8 | DSG1 | RP4-773N10.5 | TNK1
6 genes,0.000527014156092798,RP11-483E7.1 | FAM228B | RP11-203J24.8 | DSG1 | FAM3B | CTB-32O4.2
6 genes,0.00119589811768495,RP11-483E7.1 | FAM228B | RP11-203J24.8 | DSG1 | FAM3B | RP11-358B23.1
6 genes,0.000470786217395713,RP11-483E7.1 | FAM228B | RP11-203J24.8 | DSG1 | FAM3B | TNK1
6 genes,0.0283665606380684,RP11-483E7.1 | FAM228B | RP11-203J24.8 | DSG1 | CTB-32O4.2 | RP11-358B23.1
6 genes,0.00791431981090363,RP11-483E7.1 | FAM228B | RP11-203J24.8 | DSG1 | CTB-32O4.2 | TNK1
6 genes,0.00452438126571675,RP11-483E7.1 | FAM228B | RP11-203J24.8 | DSG1 | RP11-358B23.1 | TNK1
6 genes,0.00236873735627841,RP11-483E7.1 | FAM228B | RP11-203J24.8 | RP4-773N10.5 | FAM3B | CTB-32O4.2
6 genes,0.000108281149460931,RP11-483E7.1 | FAM228B | RP11-203J24.8 | RP4-773N10.5 | FAM3B | RP11-358B23.1
6 genes,0.000136180682432707,RP11-483E7.1 | FAM228B | RP11-203J24.8 | RP4-773N10.5 | FAM3B | TNK1
6 genes,0.00222741192768738,RP11-483E7.1 | FAM228B | RP11-203J24.8 | RP4-773N10.5 | CTB-32O4.2 | RP11-358B23.1
6 genes,0.0021909964922866,RP11-483E7.1 | FAM228B | RP11-203J24.8 | RP4-773N10.5 | CTB-32O4.2 | TNK1
6 genes,2.58759104719841e-05,RP11-483E7.1 | FAM228B | RP11-203J24.8 | RP4-773N10.5 | RP11-358B23.1 | TNK1
6 genes,0.00370788052377169,RP11-483E7.1 | FAM228B | RP11-203J24.8 | FAM3B | CTB-32O4.2 | RP11-358B23.1
6 genes,0.000565189704666014,RP11-483E7.1 | FAM228B | RP11-203J24.8 | FAM3B | CTB-32O4.2 | TNK1
6 genes,0.00165937935997051,RP11-483E7.1 | FAM228B | RP11-203J24.8 | FAM3B | RP11-358B23.1 | TNK1
6 genes,0.00268998692252098,RP11-483E7.1 | FAM228B | RP11-203J24.8 | CTB-32O4.2 | RP11-358B23.1 | TNK1
6 genes,0.00419388196454529,RP11-483E7.1 | FAM228B | MYB-AS1 | DSG1 | RP4-773N10.5 | FAM3B
6 genes,0.000256155471463182,RP11-483E7.1 | FAM228B | MYB-AS1 | DSG1 | RP4-773N10.5 | CTB-32O4.2
6 genes,0.000141146445985396,RP11-483E7.1 | FAM228B | MYB-AS1 | DSG1 | RP4-773N10.5 | RP11-358B23.1
6 genes,0.000671237200569386,RP11-483E7.1 | FAM228B | MYB-AS1 | DSG1 | RP4-773N10.5 | TNK1
6 genes,0.00479473001414155,RP11-483E7.1 | FAM228B | MYB-AS1 | DSG1 | FAM3B | CTB-32O4.2
6 genes,0.000505788870688639,RP11-483E7.1 | FAM228B | MYB-AS1 | DSG1 | FAM3B | RP11-358B23.1
6 genes,0.00060462017167362,RP11-483E7.1 | FAM228B | MYB-AS1 | DSG1 | FAM3B | TNK1
6 genes,0.000903001928025393,RP11-483E7.1 | FAM228B | MYB-AS1 | DSG1 | CTB-32O4.2 | RP11-358B23.1
6 genes,0.00465527310300839,RP11-483E7.1 | FAM228B | MYB-AS1 | DSG1 | CTB-32O4.2 | TNK1
6 genes,0.000959418565701142,RP11-483E7.1 | FAM228B | MYB-AS1 | DSG1 | RP11-358B23.1 | TNK1
6 genes,0.000276937725308346,RP11-483E7.1 | FAM228B | MYB-AS1 | RP4-773N10.5 | FAM3B | CTB-32O4.2
6 genes,6.19266143794261e-05,RP11-483E7.1 | FAM228B | MYB-AS1 | RP4-773N10.5 | FAM3B | RP11-358B23.1
6 genes,0.00405717391795457,RP11-483E7.1 | FAM228B | MYB-AS1 | RP4-773N10.5 | FAM3B | TNK1
6 genes,0.00653570512037183,RP11-483E7.1 | FAM228B | MYB-AS1 | RP4-773N10.5 | CTB-32O4.2 | RP11-358B23.1
6 genes,0.000500394285959271,RP11-483E7.1 | FAM228B | MYB-AS1 | RP4-773N10.5 | CTB-32O4.2 | TNK1
6 genes,0.000117411969018377,RP11-483E7.1 | FAM228B | MYB-AS1 | RP4-773N10.5 | RP11-358B23.1 | TNK1
6 genes,0.0127763804701667,RP11-483E7.1 | FAM228B | MYB-AS1 | FAM3B | CTB-32O4.2 | RP11-358B23.1
6 genes,0.00275624134330188,RP11-483E7.1 | FAM228B | MYB-AS1 | FAM3B | CTB-32O4.2 | TNK1
6 genes,0.00479119665938743,RP11-483E7.1 | FAM228B | MYB-AS1 | FAM3B | RP11-358B23.1 | TNK1
6 genes,0.00634377252145935,RP11-483E7.1 | FAM228B | MYB-AS1 | CTB-32O4.2 | RP11-358B23.1 | TNK1
6 genes,8.89259586872582e-05,RP11-483E7.1 | FAM228B | DSG1 | RP4-773N10.5 | FAM3B | CTB-32O4.2
6 genes,0.000150387092270332,RP11-483E7.1 | FAM228B | DSG1 | RP4-773N10.5 | FAM3B | RP11-358B23.1
6 genes,0.00628713858316987,RP11-483E7.1 | FAM228B | DSG1 | RP4-773N10.5 | FAM3B | TNK1
6 genes,0.000209226679394825,RP11-483E7.1 | FAM228B | DSG1 | RP4-773N10.5 | CTB-32O4.2 | RP11-358B23.1
6 genes,0.000307183807690237,RP11-483E7.1 | FAM228B | DSG1 | RP4-773N10.5 | CTB-32O4.2 | TNK1
6 genes,0.000165922975566724,RP11-483E7.1 | FAM228B | DSG1 | RP4-773N10.5 | RP11-358B23.1 | TNK1
6 genes,0.000242738450156654,RP11-483E7.1 | FAM228B | DSG1 | FAM3B | CTB-32O4.2 | RP11-358B23.1
6 genes,0.00151976518053254,RP11-483E7.1 | FAM228B | DSG1 | FAM3B | CTB-32O4.2 | TNK1
6 genes,0.00109143094945929,RP11-483E7.1 | FAM228B | DSG1 | FAM3B | RP11-358B23.1 | TNK1
6 genes,0.00575461273481304,RP11-483E7.1 | FAM228B | DSG1 | CTB-32O4.2 | RP11-358B23.1 | TNK1
6 genes,0.000350655484358309,RP11-483E7.1 | FAM228B | RP4-773N10.5 | FAM3B | CTB-32O4.2 | RP11-358B23.1
6 genes,0.00135779063861119,RP11-483E7.1 | FAM228B | RP4-773N10.5 | FAM3B | CTB-32O4.2 | TNK1
6 genes,0.000110134433296771,RP11-483E7.1 | FAM228B | RP4-773N10.5 | FAM3B | RP11-358B23.1 | TNK1
6 genes,0.000639770400307493,RP11-483E7.1 | FAM228B | RP4-773N10.5 | CTB-32O4.2 | RP11-358B23.1 | TNK1
6 genes,0.00098650102133413,RP11-483E7.1 | FAM228B | FAM3B | CTB-32O4.2 | RP11-358B23.1 | TNK1
6 genes,0.0117184912732253,RP11-483E7.1 | RP11-203J24.8 | MYB-AS1 | DSG1 | RP4-773N10.5 | FAM3B
6 genes,0.0115444984076706,RP11-483E7.1 | RP11-203J24.8 | MYB-AS1 | DSG1 | RP4-773N10.5 | CTB-32O4.2
6 genes,0.00898307772011198,RP11-483E7.1 | RP11-203J24.8 | MYB-AS1 | DSG1 | RP4-773N10.5 | RP11-358B23.1
6 genes,0.000744668968170159,RP11-483E7.1 | RP11-203J24.8 | MYB-AS1 | DSG1 | RP4-773N10.5 | TNK1
6 genes,0.00363175052518816,RP11-483E7.1 | RP11-203J24.8 | MYB-AS1 | DSG1 | FAM3B | CTB-32O4.2
6 genes,0.005467708024393,RP11-483E7.1 | RP11-203J24.8 | MYB-AS1 | DSG1 | FAM3B | RP11-358B23.1
6 genes,0.00117994194219007,RP11-483E7.1 | RP11-203J24.8 | MYB-AS1 | DSG1 | FAM3B | TNK1
6 genes,0.019788536372272,RP11-483E7.1 | RP11-203J24.8 | MYB-AS1 | DSG1 | CTB-32O4.2 | RP11-358B23.1
6 genes,0.00137063506280211,RP11-483E7.1 | RP11-203J24.8 | MYB-AS1 | DSG1 | CTB-32O4.2 | TNK1
6 genes,0.00201097361715941,RP11-483E7.1 | RP11-203J24.8 | MYB-AS1 | DSG1 | RP11-358B23.1 | TNK1
6 genes,0.000544365616113596,RP11-483E7.1 | RP11-203J24.8 | MYB-AS1 | RP4-773N10.5 | FAM3B | CTB-32O4.2
6 genes,0.000411376002702357,RP11-483E7.1 | RP11-203J24.8 | MYB-AS1 | RP4-773N10.5 | FAM3B | RP11-358B23.1
6 genes,8.30191815128778e-05,RP11-483E7.1 | RP11-203J24.8 | MYB-AS1 | RP4-773N10.5 | FAM3B | TNK1
6 genes,0.00377944491023918,RP11-483E7.1 | RP11-203J24.8 | MYB-AS1 | RP4-773N10.5 | CTB-32O4.2 | RP11-358B23.1
6 genes,0.00186254748627745,RP11-483E7.1 | RP11-203J24.8 | MYB-AS1 | RP4-773N10.5 | CTB-32O4.2 | TNK1
6 genes,0.00086096309568473,RP11-483E7.1 | RP11-203J24.8 | MYB-AS1 | RP4-773N10.5 | RP11-358B23.1 | TNK1
6 genes,0.00298318248171359,RP11-483E7.1 | RP11-203J24.8 | MYB-AS1 | FAM3B | CTB-32O4.2 | RP11-358B23.1
6 genes,0.00016071428693365,RP11-483E7.1 | RP11-203J24.8 | MYB-AS1 | FAM3B | CTB-32O4.2 | TNK1
6 genes,0.00267022117101545,RP11-483E7.1 | RP11-203J24.8 | MYB-AS1 | FAM3B | RP11-358B23.1 | TNK1
6 genes,0.000245828090576383,RP11-483E7.1 | RP11-203J24.8 | MYB-AS1 | CTB-32O4.2 | RP11-358B23.1 | TNK1
6 genes,0.00119367220899302,RP11-483E7.1 | RP11-203J24.8 | DSG1 | RP4-773N10.5 | FAM3B | CTB-32O4.2
6 genes,0.00256015441799484,RP11-483E7.1 | RP11-203J24.8 | DSG1 | RP4-773N10.5 | FAM3B | RP11-358B23.1
6 genes,0.00021831293706831,RP11-483E7.1 | RP11-203J24.8 | DSG1 | RP4-773N10.5 | FAM3B | TNK1
6 genes,0.00875510215968567,RP11-483E7.1 | RP11-203J24.8 | DSG1 | RP4-773N10.5 | CTB-32O4.2 | RP11-358B23.1
6 genes,0.001885834517944,RP11-483E7.1 | RP11-203J24.8 | DSG1 | RP4-773N10.5 | CTB-32O4.2 | TNK1
6 genes,0.00239952511650665,RP11-483E7.1 | RP11-203J24.8 | DSG1 | RP4-773N10.5 | RP11-358B23.1 | TNK1
6 genes,0.0029208674510659,RP11-483E7.1 | RP11-203J24.8 | DSG1 | FAM3B | CTB-32O4.2 | RP11-358B23.1
6 genes,0.00436738803773906,RP11-483E7.1 | RP11-203J24.8 | DSG1 | FAM3B | CTB-32O4.2 | TNK1
6 genes,0.00550301023022159,RP11-483E7.1 | RP11-203J24.8 | DSG1 | FAM3B | RP11-358B23.1 | TNK1
6 genes,0.00366434654903247,RP11-483E7.1 | RP11-203J24.8 | DSG1 | CTB-32O4.2 | RP11-358B23.1 | TNK1
6 genes,0.000935766535500537,RP11-483E7.1 | RP11-203J24.8 | RP4-773N10.5 | FAM3B | CTB-32O4.2 | RP11-358B23.1
6 genes,5.9117475416981e-05,RP11-483E7.1 | RP11-203J24.8 | RP4-773N10.5 | FAM3B | CTB-32O4.2 | TNK1
6 genes,0.000774100514241316,RP11-483E7.1 | RP11-203J24.8 | RP4-773N10.5 | FAM3B | RP11-358B23.1 | TNK1
6 genes,0.00806602031059878,RP11-483E7.1 | RP11-203J24.8 | RP4-773N10.5 | CTB-32O4.2 | RP11-358B23.1 | TNK1
6 genes,0.00348526280115313,RP11-483E7.1 | RP11-203J24.8 | FAM3B | CTB-32O4.2 | RP11-358B23.1 | TNK1
6 genes,6.89143792598212e-06,RP11-483E7.1 | MYB-AS1 | DSG1 | RP4-773N10.5 | FAM3B | CTB-32O4.2
6 genes,0.000228382891261147,RP11-483E7.1 | MYB-AS1 | DSG1 | RP4-773N10.5 | FAM3B | RP11-358B23.1
6 genes,0.0005411430636314,RP11-483E7.1 | MYB-AS1 | DSG1 | RP4-773N10.5 | FAM3B | TNK1
6 genes,0.000161502317387874,RP11-483E7.1 | MYB-AS1 | DSG1 | RP4-773N10.5 | CTB-32O4.2 | RP11-358B23.1
6 genes,0.000148064746162468,RP11-483E7.1 | MYB-AS1 | DSG1 | RP4-773N10.5 | CTB-32O4.2 | TNK1
6 genes,0.000244387464406026,RP11-483E7.1 | MYB-AS1 | DSG1 | RP4-773N10.5 | RP11-358B23.1 | TNK1
6 genes,0.00288973601967679,RP11-483E7.1 | MYB-AS1 | DSG1 | FAM3B | CTB-32O4.2 | RP11-358B23.1
6 genes,0.00156780349316221,RP11-483E7.1 | MYB-AS1 | DSG1 | FAM3B | CTB-32O4.2 | TNK1
6 genes,0.000245969547764679,RP11-483E7.1 | MYB-AS1 | DSG1 | FAM3B | RP11-358B23.1 | TNK1
6 genes,0.000221546423586294,RP11-483E7.1 | MYB-AS1 | DSG1 | CTB-32O4.2 | RP11-358B23.1 | TNK1
6 genes,0.000295960851358967,RP11-483E7.1 | MYB-AS1 | RP4-773N10.5 | FAM3B | CTB-32O4.2 | RP11-358B23.1
6 genes,0.000438618392827772,RP11-483E7.1 | MYB-AS1 | RP4-773N10.5 | FAM3B | CTB-32O4.2 | TNK1
6 genes,0.000196783963158809,RP11-483E7.1 | MYB-AS1 | RP4-773N10.5 | FAM3B | RP11-358B23.1 | TNK1
6 genes,0.000605320971070578,RP11-483E7.1 | MYB-AS1 | RP4-773N10.5 | CTB-32O4.2 | RP11-358B23.1 | TNK1
6 genes,0.00098650102133413,RP11-483E7.1 | MYB-AS1 | FAM3B | CTB-32O4.2 | RP11-358B23.1 | TNK1
6 genes,3.82843522147569e-05,RP11-483E7.1 | DSG1 | RP4-773N10.5 | FAM3B | CTB-32O4.2 | RP11-358B23.1
6 genes,5.48896097773977e-06,RP11-483E7.1 | DSG1 | RP4-773N10.5 | FAM3B | CTB-32O4.2 | TNK1
6 genes,8.98529821886651e-05,RP11-483E7.1 | DSG1 | RP4-773N10.5 | FAM3B | RP11-358B23.1 | TNK1
6 genes,2.16223706859253e-05,RP11-483E7.1 | DSG1 | RP4-773N10.5 | CTB-32O4.2 | RP11-358B23.1 | TNK1
6 genes,0.00128860451738111,RP11-483E7.1 | DSG1 | FAM3B | CTB-32O4.2 | RP11-358B23.1 | TNK1
6 genes,7.45639985314517e-05,RP11-483E7.1 | RP4-773N10.5 | FAM3B | CTB-32O4.2 | RP11-358B23.1 | TNK1
6 genes,0.012828497002505,FAM228B | RP11-203J24.8 | MYB-AS1 | DSG1 | RP4-773N10.5 | FAM3B
6 genes,0.0466740947959705,FAM228B | RP11-203J24.8 | MYB-AS1 | DSG1 | RP4-773N10.5 | CTB-32O4.2
6 genes,0.0278713895154532,FAM228B | RP11-203J24.8 | MYB-AS1 | DSG1 | RP4-773N10.5 | RP11-358B23.1
6 genes,0.0257541871765956,FAM228B | RP11-203J24.8 | MYB-AS1 | DSG1 | RP4-773N10.5 | TNK1
6 genes,0.00294728982611248,FAM228B | RP11-203J24.8 | MYB-AS1 | DSG1 | FAM3B | CTB-32O4.2
6 genes,0.00766025834503092,FAM228B | RP11-203J24.8 | MYB-AS1 | DSG1 | FAM3B | RP11-358B23.1
6 genes,0.0110105504610853,FAM228B | RP11-203J24.8 | MYB-AS1 | DSG1 | FAM3B | TNK1
6 genes,0.0641109185067723,FAM228B | RP11-203J24.8 | MYB-AS1 | DSG1 | CTB-32O4.2 | RP11-358B23.1
6 genes,0.0655906643677736,FAM228B | RP11-203J24.8 | MYB-AS1 | DSG1 | CTB-32O4.2 | TNK1
6 genes,0.0308411121930993,FAM228B | RP11-203J24.8 | MYB-AS1 | DSG1 | RP11-358B23.1 | TNK1
6 genes,0.0100030249654821,FAM228B | RP11-203J24.8 | MYB-AS1 | RP4-773N10.5 | FAM3B | CTB-32O4.2
6 genes,0.00386558829770345,FAM228B | RP11-203J24.8 | MYB-AS1 | RP4-773N10.5 | FAM3B | RP11-358B23.1
6 genes,0.00286448259347805,FAM228B | RP11-203J24.8 | MYB-AS1 | RP4-773N10.5 | FAM3B | TNK1
6 genes,0.036738270427906,FAM228B | RP11-203J24.8 | MYB-AS1 | RP4-773N10.5 | CTB-32O4.2 | RP11-358B23.1
6 genes,0.0567648789064518,FAM228B | RP11-203J24.8 | MYB-AS1 | RP4-773N10.5 | CTB-32O4.2 | TNK1
6 genes,0.0354016754567514,FAM228B | RP11-203J24.8 | MYB-AS1 | RP4-773N10.5 | RP11-358B23.1 | TNK1
6 genes,0.00559035145861331,FAM228B | RP11-203J24.8 | MYB-AS1 | FAM3B | CTB-32O4.2 | RP11-358B23.1
6 genes,0.00156637568979856,FAM228B | RP11-203J24.8 | MYB-AS1 | FAM3B | CTB-32O4.2 | TNK1
6 genes,0.0140187198944645,FAM228B | RP11-203J24.8 | MYB-AS1 | FAM3B | RP11-358B23.1 | TNK1
6 genes,0.00832985460798918,FAM228B | RP11-203J24.8 | MYB-AS1 | CTB-32O4.2 | RP11-358B23.1 | TNK1
6 genes,0.0117155288435092,FAM228B | RP11-203J24.8 | DSG1 | RP4-773N10.5 | FAM3B | CTB-32O4.2
6 genes,0.00750759089036135,FAM228B | RP11-203J24.8 | DSG1 | RP4-773N10.5 | FAM3B | RP11-358B23.1
6 genes,0.00548978300575231,FAM228B | RP11-203J24.8 | DSG1 | RP4-773N10.5 | FAM3B | TNK1
6 genes,0.270526174907819,FAM228B | RP11-203J24.8 | DSG1 | RP4-773N10.5 | CTB-32O4.2 | RP11-358B23.1
6 genes,0.202901735020289,FAM228B | RP11-203J24.8 | DSG1 | RP4-773N10.5 | CTB-32O4.2 | TNK1
6 genes,0.0483332938862725,FAM228B | RP11-203J24.8 | DSG1 | RP4-773N10.5 | RP11-358B23.1 | TNK1
6 genes,0.0397945448067777,FAM228B | RP11-203J24.8 | DSG1 | FAM3B | CTB-32O4.2 | RP11-358B23.1
6 genes,0.0101311943090664,FAM228B | RP11-203J24.8 | DSG1 | FAM3B | CTB-32O4.2 | TNK1
6 genes,0.0265500947407634,FAM228B | RP11-203J24.8 | DSG1 | FAM3B | RP11-358B23.1 | TNK1
6 genes,0.424543981465207,FAM228B | RP11-203J24.8 | DSG1 | CTB-32O4.2 | RP11-358B23.1 | TNK1
6 genes,0.00679232662463114,FAM228B | RP11-203J24.8 | RP4-773N10.5 | FAM3B | CTB-32O4.2 | RP11-358B23.1
6 genes,0.00992296548853644,FAM228B | RP11-203J24.8 | RP4-773N10.5 | FAM3B | CTB-32O4.2 | TNK1
6 genes,0.00119932447168192,FAM228B | RP11-203J24.8 | RP4-773N10.5 | FAM3B | RP11-358B23.1 | TNK1
6 genes,0.0419207861784393,FAM228B | RP11-203J24.8 | RP4-773N10.5 | CTB-32O4.2 | RP11-358B23.1 | TNK1
6 genes,0.031914912224263,FAM228B | RP11-203J24.8 | FAM3B | CTB-32O4.2 | RP11-358B23.1 | TNK1
6 genes,0.00201043571158466,FAM228B | MYB-AS1 | DSG1 | RP4-773N10.5 | FAM3B | CTB-32O4.2
6 genes,0.000844003696773399,FAM228B | MYB-AS1 | DSG1 | RP4-773N10.5 | FAM3B | RP11-358B23.1
6 genes,0.0651245392092594,FAM228B | MYB-AS1 | DSG1 | RP4-773N10.5 | FAM3B | TNK1
6 genes,0.0013250795271692,FAM228B | MYB-AS1 | DSG1 | RP4-773N10.5 | CTB-32O4.2 | RP11-358B23.1
6 genes,0.00255815375025625,FAM228B | MYB-AS1 | DSG1 | RP4-773N10.5 | CTB-32O4.2 | TNK1
6 genes,0.00888952709363511,FAM228B | MYB-AS1 | DSG1 | RP4-773N10.5 | RP11-358B23.1 | TNK1
6 genes,0.000762468106864311,FAM228B | MYB-AS1 | DSG1 | FAM3B | CTB-32O4.2 | RP11-358B23.1
6 genes,0.00612418919669355,FAM228B | MYB-AS1 | DSG1 | FAM3B | CTB-32O4.2 | TNK1
6 genes,0.000551569946836583,FAM228B | MYB-AS1 | DSG1 | FAM3B | RP11-358B23.1 | TNK1
6 genes,0.00294497085682055,FAM228B | MYB-AS1 | DSG1 | CTB-32O4.2 | RP11-358B23.1 | TNK1
6 genes,0.00615864454485493,FAM228B | MYB-AS1 | RP4-773N10.5 | FAM3B | CTB-32O4.2 | RP11-358B23.1
6 genes,0.00399551983957247,FAM228B | MYB-AS1 | RP4-773N10.5 | FAM3B | CTB-32O4.2 | TNK1
6 genes,0.00107020910560063,FAM228B | MYB-AS1 | RP4-773N10.5 | FAM3B | RP11-358B23.1 | TNK1
6 genes,0.0509818260219235,FAM228B | MYB-AS1 | RP4-773N10.5 | CTB-32O4.2 | RP11-358B23.1 | TNK1
6 genes,0.00670978631786923,FAM228B | MYB-AS1 | FAM3B | CTB-32O4.2 | RP11-358B23.1 | TNK1
6 genes,0.00021370924315256,FAM228B | DSG1 | RP4-773N10.5 | FAM3B | CTB-32O4.2 | RP11-358B23.1
6 genes,0.000604148944516658,FAM228B | DSG1 | RP4-773N10.5 | FAM3B | CTB-32O4.2 | TNK1
6 genes,0.00176713423211161,FAM228B | DSG1 | RP4-773N10.5 | FAM3B | RP11-358B23.1 | TNK1
6 genes,0.00540477105463144,FAM228B | DSG1 | RP4-773N10.5 | CTB-32O4.2 | RP11-358B23.1 | TNK1
6 genes,0.00280819588856784,FAM228B | DSG1 | FAM3B | CTB-32O4.2 | RP11-358B23.1 | TNK1
6 genes,0.00223109253148079,FAM228B | RP4-773N10.5 | FAM3B | CTB-32O4.2 | RP11-358B23.1 | TNK1
6 genes,0.0379744956289318,RP11-203J24.8 | MYB-AS1 | DSG1 | RP4-773N10.5 | FAM3B | CTB-32O4.2
6 genes,0.0421553648701745,RP11-203J24.8 | MYB-AS1 | DSG1 | RP4-773N10.5 | FAM3B | RP11-358B23.1
6 genes,0.0091830898972115,RP11-203J24.8 | MYB-AS1 | DSG1 | RP4-773N10.5 | FAM3B | TNK1
6 genes,0.113128501108124,RP11-203J24.8 | MYB-AS1 | DSG1 | RP4-773N10.5 | CTB-32O4.2 | RP11-358B23.1
6 genes,0.034781870356935,RP11-203J24.8 | MYB-AS1 | DSG1 | RP4-773N10.5 | CTB-32O4.2 | TNK1
6 genes,0.0224625238060874,RP11-203J24.8 | MYB-AS1 | DSG1 | RP4-773N10.5 | RP11-358B23.1 | TNK1
6 genes,0.182428342598855,RP11-203J24.8 | MYB-AS1 | DSG1 | FAM3B | CTB-32O4.2 | RP11-358B23.1
6 genes,0.00342170962551769,RP11-203J24.8 | MYB-AS1 | DSG1 | FAM3B | CTB-32O4.2 | TNK1
6 genes,0.0308961638013573,RP11-203J24.8 | MYB-AS1 | DSG1 | FAM3B | RP11-358B23.1 | TNK1
6 genes,0.0343356212565741,RP11-203J24.8 | MYB-AS1 | DSG1 | CTB-32O4.2 | RP11-358B23.1 | TNK1
6 genes,0.0405862850826795,RP11-203J24.8 | MYB-AS1 | RP4-773N10.5 | FAM3B | CTB-32O4.2 | RP11-358B23.1
6 genes,0.00897595138795992,RP11-203J24.8 | MYB-AS1 | RP4-773N10.5 | FAM3B | CTB-32O4.2 | TNK1
6 genes,0.016191122918809,RP11-203J24.8 | MYB-AS1 | RP4-773N10.5 | FAM3B | RP11-358B23.1 | TNK1
6 genes,0.00867021180833372,RP11-203J24.8 | MYB-AS1 | RP4-773N10.5 | CTB-32O4.2 | RP11-358B23.1 | TNK1
6 genes,0.00747706336830167,RP11-203J24.8 | MYB-AS1 | FAM3B | CTB-32O4.2 | RP11-358B23.1 | TNK1
6 genes,0.0612505184357228,RP11-203J24.8 | DSG1 | RP4-773N10.5 | FAM3B | CTB-32O4.2 | RP11-358B23.1
6 genes,0.00820674356649342,RP11-203J24.8 | DSG1 | RP4-773N10.5 | FAM3B | CTB-32O4.2 | TNK1
6 genes,0.00776161668300379,RP11-203J24.8 | DSG1 | RP4-773N10.5 | FAM3B | RP11-358B23.1 | TNK1
6 genes,0.0246693123878858,RP11-203J24.8 | DSG1 | RP4-773N10.5 | CTB-32O4.2 | RP11-358B23.1 | TNK1
6 genes,0.017313458853298,RP11-203J24.8 | DSG1 | FAM3B | CTB-32O4.2 | RP11-358B23.1 | TNK1
6 genes,0.0326495399022875,RP11-203J24.8 | RP4-773N10.5 | FAM3B | CTB-32O4.2 | RP11-358B23.1 | TNK1
6 genes,0.0001293681903618,MYB-AS1 | DSG1 | RP4-773N10.5 | FAM3B | CTB-32O4.2 | RP11-358B23.1
6 genes,0.000153107370636119,MYB-AS1 | DSG1 | RP4-773N10.5 | FAM3B | CTB-32O4.2 | TNK1
6 genes,0.017558036536801,MYB-AS1 | DSG1 | RP4-773N10.5 | FAM3B | RP11-358B23.1 | TNK1
6 genes,0.000488469203393738,MYB-AS1 | DSG1 | RP4-773N10.5 | CTB-32O4.2 | RP11-358B23.1 | TNK1
6 genes,0.00113997451504377,MYB-AS1 | DSG1 | FAM3B | CTB-32O4.2 | RP11-358B23.1 | TNK1
6 genes,0.000642094327645615,MYB-AS1 | RP4-773N10.5 | FAM3B | CTB-32O4.2 | RP11-358B23.1 | TNK1
6 genes,0.000310837509774564,DSG1 | RP4-773N10.5 | FAM3B | CTB-32O4.2 | RP11-358B23.1 | TNK1
7 genes,0.00434962008084949,RP11-483E7.1 | FAM228B | RP11-203J24.8 | MYB-AS1 | DSG1 | RP4-773N10.5 | FAM3B
7 genes,0.00342285932577069,RP11-483E7.1 | FAM228B | RP11-203J24.8 | MYB-AS1 | DSG1 | RP4-773N10.5 | CTB-32O4.2
7 genes,0.00261951954255624,RP11-483E7.1 | FAM228B | RP11-203J24.8 | MYB-AS1 | DSG1 | RP4-773N10.5 | RP11-358B23.1
7 genes,0.00296109553270363,RP11-483E7.1 | FAM228B | RP11-203J24.8 | MYB-AS1 | DSG1 | RP4-773N10.5 | TNK1
7 genes,0.000584243749706337,RP11-483E7.1 | FAM228B | RP11-203J24.8 | MYB-AS1 | DSG1 | FAM3B | CTB-32O4.2
7 genes,0.00195707726674321,RP11-483E7.1 | FAM228B | RP11-203J24.8 | MYB-AS1 | DSG1 | FAM3B | RP11-358B23.1
7 genes,0.000577792366926122,RP11-483E7.1 | FAM228B | RP11-203J24.8 | MYB-AS1 | DSG1 | FAM3B | TNK1
7 genes,0.0188586890511986,RP11-483E7.1 | FAM228B | RP11-203J24.8 | MYB-AS1 | DSG1 | CTB-32O4.2 | RP11-358B23.1
7 genes,0.00137063506280211,RP11-483E7.1 | FAM228B | RP11-203J24.8 | MYB-AS1 | DSG1 | CTB-32O4.2 | TNK1
7 genes,0.000811486366661396,RP11-483E7.1 | FAM228B | RP11-203J24.8 | MYB-AS1 | DSG1 | RP11-358B23.1 | TNK1
7 genes,0.00502985977784243,RP11-483E7.1 | FAM228B | RP11-203J24.8 | MYB-AS1 | RP4-773N10.5 | FAM3B | CTB-32O4.2
7 genes,0.00013327777088612,RP11-483E7.1 | FAM228B | RP11-203J24.8 | MYB-AS1 | RP4-773N10.5 | FAM3B | RP11-358B23.1
7 genes,0.000128724264381819,RP11-483E7.1 | FAM228B | RP11-203J24.8 | MYB-AS1 | RP4-773N10.5 | FAM3B | TNK1
7 genes,0.00940964010608869,RP11-483E7.1 | FAM228B | RP11-203J24.8 | MYB-AS1 | RP4-773N10.5 | CTB-32O4.2 | RP11-358B23.1
7 genes,0.0021909964922866,RP11-483E7.1 | FAM228B | RP11-203J24.8 | MYB-AS1 | RP4-773N10.5 | CTB-32O4.2 | TNK1
7 genes,0.00011238331229646,RP11-483E7.1 | FAM228B | RP11-203J24.8 | MYB-AS1 | RP4-773N10.5 | RP11-358B23.1 | TNK1
7 genes,0.000432946653417754,RP11-483E7.1 | FAM228B | RP11-203J24.8 | MYB-AS1 | FAM3B | CTB-32O4.2 | RP11-358B23.1
7 genes,0.000173002835871183,RP11-483E7.1 | FAM228B | RP11-203J24.8 | MYB-AS1 | FAM3B | CTB-32O4.2 | TNK1
7 genes,0.000232939372066476,RP11-483E7.1 | FAM228B | RP11-203J24.8 | MYB-AS1 | FAM3B | RP11-358B23.1 | TNK1
7 genes,0.000250921566683271,RP11-483E7.1 | FAM228B | RP11-203J24.8 | MYB-AS1 | CTB-32O4.2 | RP11-358B23.1 | TNK1
7 genes,0.00313260489519496,RP11-483E7.1 | FAM228B | RP11-203J24.8 | DSG1 | RP4-773N10.5 | FAM3B | CTB-32O4.2
7 genes,0.003960045382707,RP11-483E7.1 | FAM228B | RP11-203J24.8 | DSG1 | RP4-773N10.5 | FAM3B | RP11-358B23.1
7 genes,0.0026922626039535,RP11-483E7.1 | FAM228B | RP11-203J24.8 | DSG1 | RP4-773N10.5 | FAM3B | TNK1
7 genes,0.00177756515034766,RP11-483E7.1 | FAM228B | RP11-203J24.8 | DSG1 | RP4-773N10.5 | CTB-32O4.2 | RP11-358B23.1
7 genes,0.00105995516044943,RP11-483E7.1 | FAM228B | RP11-203J24.8 | DSG1 | RP4-773N10.5 | CTB-32O4.2 | TNK1
7 genes,0.000248603801744518,RP11-483E7.1 | FAM228B | RP11-203J24.8 | DSG1 | RP4-773N10.5 | RP11-358B23.1 | TNK1
7 genes,0.00137786373134396,RP11-483E7.1 | FAM228B | RP11-203J24.8 | DSG1 | FAM3B | CTB-32O4.2 | RP11-358B23.1
7 genes,0.0039617161426867,RP11-483E7.1 | FAM228B | RP11-203J24.8 | DSG1 | FAM3B | CTB-32O4.2 | TNK1
7 genes,0.000969480133962919,RP11-483E7.1 | FAM228B | RP11-203J24.8 | DSG1 | FAM3B | RP11-358B23.1 | TNK1
7 genes,0.00309352218061854,RP11-483E7.1 | FAM228B | RP11-203J24.8 | DSG1 | CTB-32O4.2 | RP11-358B23.1 | TNK1
7 genes,0.000107296804335189,RP11-483E7.1 | FAM228B | RP11-203J24.8 | RP4-773N10.5 | FAM3B | CTB-32O4.2 | RP11-358B23.1
7 genes,7.55333868238672e-05,RP11-483E7.1 | FAM228B | RP11-203J24.8 | RP4-773N10.5 | FAM3B | CTB-32O4.2 | TNK1
7 genes,9.16011916632931e-05,RP11-483E7.1 | FAM228B | RP11-203J24.8 | RP4-773N10.5 | FAM3B | RP11-358B23.1 | TNK1
7 genes,0.00806602031059878,RP11-483E7.1 | FAM228B | RP11-203J24.8 | RP4-773N10.5 | CTB-32O4.2 | RP11-358B23.1 | TNK1
7 genes,0.00159337639985346,RP11-483E7.1 | FAM228B | RP11-203J24.8 | FAM3B | CTB-32O4.2 | RP11-358B23.1 | TNK1
7 genes,0.000249183168308464,RP11-483E7.1 | FAM228B | MYB-AS1 | DSG1 | RP4-773N10.5 | FAM3B | CTB-32O4.2
7 genes,0.00058382704660731,RP11-483E7.1 | FAM228B | MYB-AS1 | DSG1 | RP4-773N10.5 | FAM3B | RP11-358B23.1
7 genes,0.00719005598336542,RP11-483E7.1 | FAM228B | MYB-AS1 | DSG1 | RP4-773N10.5 | FAM3B | TNK1
7 genes,3.45107980823656e-05,RP11-483E7.1 | FAM228B | MYB-AS1 | DSG1 | RP4-773N10.5 | CTB-32O4.2 | RP11-358B23.1
7 genes,0.000431264352103056,RP11-483E7.1 | FAM228B | MYB-AS1 | DSG1 | RP4-773N10.5 | CTB-32O4.2 | TNK1
7 genes,0.000216207026339066,RP11-483E7.1 | FAM228B | MYB-AS1 | DSG1 | RP4-773N10.5 | RP11-358B23.1 | TNK1
7 genes,0.000118966697373768,RP11-483E7.1 | FAM228B | MYB-AS1 | DSG1 | FAM3B | CTB-32O4.2 | RP11-358B23.1
7 genes,0.00296354379879382,RP11-483E7.1 | FAM228B | MYB-AS1 | DSG1 | FAM3B | CTB-32O4.2 | TNK1
7 genes,0.00183487081538913,RP11-483E7.1 | FAM228B | MYB-AS1 | DSG1 | FAM3B | RP11-358B23.1 | TNK1
7 genes,0.000235316001289787,RP11-483E7.1 | FAM228B | MYB-AS1 | DSG1 | CTB-32O4.2 | RP11-358B23.1 | TNK1
7 genes,0.000686981844551959,RP11-483E7.1 | FAM228B | MYB-AS1 | RP4-773N10.5 | FAM3B | CTB-32O4.2 | RP11-358B23.1
7 genes,0.00144686553127793,RP11-483E7.1 | FAM228B | MYB-AS1 | RP4-773N10.5 | FAM3B | CTB-32O4.2 | TNK1
7 genes,0.000110134433296771,RP11-483E7.1 | FAM228B | MYB-AS1 | RP4-773N10.5 | FAM3B | RP11-358B23.1 | TNK1
7 genes,0.000605320971070578,RP11-483E7.1 | FAM228B | MYB-AS1 | RP4-773N10.5 | CTB-32O4.2 | RP11-358B23.1 | TNK1
7 genes,0.00098650102133413,RP11-483E7.1 | FAM228B | MYB-AS1 | FAM3B | CTB-32O4.2 | RP11-358B23.1 | TNK1
7 genes,4.22966611348663e-05,RP11-483E7.1 | FAM228B | DSG1 | RP4-773N10.5 | FAM3B | CTB-32O4.2 | RP11-358B23.1
7 genes,4.02768368633621e-05,RP11-483E7.1 | FAM228B | DSG1 | RP4-773N10.5 | FAM3B | CTB-32O4.2 | TNK1
7 genes,9.94134923251178e-05,RP11-483E7.1 | FAM228B | DSG1 | RP4-773N10.5 | FAM3B | RP11-358B23.1 | TNK1
7 genes,2.4590146802228e-05,RP11-483E7.1 | FAM228B | DSG1 | RP4-773N10.5 | CTB-32O4.2 | RP11-358B23.1 | TNK1
7 genes,0.00155244832752999,RP11-483E7.1 | FAM228B | DSG1 | FAM3B | CTB-32O4.2 | RP11-358B23.1 | TNK1
7 genes,0.00025467849145322,RP11-483E7.1 | FAM228B | RP4-773N10.5 | FAM3B | CTB-32O4.2 | RP11-358B23.1 | TNK1
7 genes,0.00979551174233828,RP11-483E7.1 | RP11-203J24.8 | MYB-AS1 | DSG1 | RP4-773N10.5 | FAM3B | CTB-32O4.2
7 genes,0.00256015441799484,RP11-483E7.1 | RP11-203J24.8 | MYB-AS1 | DSG1 | RP4-773N10.5 | FAM3B | RP11-358B23.1
7 genes,0.000283028371940941,RP11-483E7.1 | RP11-203J24.8 | MYB-AS1 | DSG1 | RP4-773N10.5 | FAM3B | TNK1
7 genes,0.0355322988654639,RP11-483E7.1 | RP11-203J24.8 | MYB-AS1 | DSG1 | RP4-773N10.5 | CTB-32O4.2 | RP11-358B23.1
7 genes,0.00209787792849336,RP11-483E7.1 | RP11-203J24.8 | MYB-AS1 | DSG1 | RP4-773N10.5 | CTB-32O4.2 | TNK1
7 genes,0.00253356165314567,RP11-483E7.1 | RP11-203J24.8 | MYB-AS1 | DSG1 | RP4-773N10.5 | RP11-358B23.1 | TNK1
7 genes,0.00362975288695178,RP11-483E7.1 | RP11-203J24.8 | MYB-AS1 | DSG1 | FAM3B | CTB-32O4.2 | RP11-358B23.1
7 genes,0.000916376536274299,RP11-483E7.1 | RP11-203J24.8 | MYB-AS1 | DSG1 | FAM3B | CTB-32O4.2 | TNK1
7 genes,0.00508598910907931,RP11-483E7.1 | RP11-203J24.8 | MYB-AS1 | DSG1 | FAM3B | RP11-358B23.1 | TNK1
7 genes,0.000173699965891339,RP11-483E7.1 | RP11-203J24.8 | MYB-AS1 | DSG1 | CTB-32O4.2 | RP11-358B23.1 | TNK1
7 genes,0.000644005926172642,RP11-483E7.1 | RP11-203J24.8 | MYB-AS1 | RP4-773N10.5 | FAM3B | CTB-32O4.2 | RP11-358B23.1
7 genes,0.000261206154827498,RP11-483E7.1 | RP11-203J24.8 | MYB-AS1 | RP4-773N10.5 | FAM3B | CTB-32O4.2 | TNK1
7 genes,0.00109166808983407,RP11-483E7.1 | RP11-203J24.8 | MYB-AS1 | RP4-773N10.5 | FAM3B | RP11-358B23.1 | TNK1
7 genes,0.00192388774281116,RP11-483E7.1 | RP11-203J24.8 | MYB-AS1 | RP4-773N10.5 | CTB-32O4.2 | RP11-358B23.1 | TNK1
7 genes,0.000603056953977443,RP11-483E7.1 | RP11-203J24.8 | MYB-AS1 | FAM3B | CTB-32O4.2 | RP11-358B23.1 | TNK1
7 genes,0.00105258294781385,RP11-483E7.1 | RP11-203J24.8 | DSG1 | RP4-773N10.5 | FAM3B | CTB-32O4.2 | RP11-358B23.1
7 genes,0.00142026153623331,RP11-483E7.1 | RP11-203J24.8 | DSG1 | RP4-773N10.5 | FAM3B | CTB-32O4.2 | TNK1
7 genes,0.000197263053326346,RP11-483E7.1 | RP11-203J24.8 | DSG1 | RP4-773N10.5 | FAM3B | RP11-358B23.1 | TNK1
7 genes,0.0012594656937297,RP11-483E7.1 | RP11-203J24.8 | DSG1 | RP4-773N10.5 | CTB-32O4.2 | RP11-358B23.1 | TNK1
7 genes,0.000262605918930126,RP11-483E7.1 | RP11-203J24.8 | DSG1 | FAM3B | CTB-32O4.2 | RP11-358B23.1 | TNK1
7 genes,0.000311647833976747,RP11-483E7.1 | RP11-203J24.8 | RP4-773N10.5 | FAM3B | CTB-32O4.2 | RP11-358B23.1 | TNK1
7 genes,4.25081471087108e-05,RP11-483E7.1 | MYB-AS1 | DSG1 | RP4-773N10.5 | FAM3B | CTB-32O4.2 | RP11-358B23.1
7 genes,8.86958889625422e-05,RP11-483E7.1 | MYB-AS1 | DSG1 | RP4-773N10.5 | FAM3B | CTB-32O4.2 | TNK1
7 genes,0.000113698851987531,RP11-483E7.1 | MYB-AS1 | DSG1 | RP4-773N10.5 | FAM3B | RP11-358B23.1 | TNK1
7 genes,3.48443034954293e-05,RP11-483E7.1 | MYB-AS1 | DSG1 | RP4-773N10.5 | CTB-32O4.2 | RP11-358B23.1 | TNK1
7 genes,0.00209695886041872,RP11-483E7.1 | MYB-AS1 | DSG1 | FAM3B | CTB-32O4.2 | RP11-358B23.1 | TNK1
7 genes,7.45639985314517e-05,RP11-483E7.1 | MYB-AS1 | RP4-773N10.5 | FAM3B | CTB-32O4.2 | RP11-358B23.1 | TNK1
7 genes,7.58291045653836e-05,RP11-483E7.1 | DSG1 | RP4-773N10.5 | FAM3B | CTB-32O4.2 | RP11-358B23.1 | TNK1
7 genes,0.00358953463182532,FAM228B | RP11-203J24.8 | MYB-AS1 | DSG1 | RP4-773N10.5 | FAM3B | CTB-32O4.2
7 genes,0.0158092885055325,FAM228B | RP11-203J24.8 | MYB-AS1 | DSG1 | RP4-773N10.5 | FAM3B | RP11-358B23.1
7 genes,0.00456853445056238,FAM228B | RP11-203J24.8 | MYB-AS1 | DSG1 | RP4-773N10.5 | FAM3B | TNK1
7 genes,0.0954633625215975,FAM228B | RP11-203J24.8 | MYB-AS1 | DSG1 | RP4-773N10.5 | CTB-32O4.2 | RP11-358B23.1
7 genes,0.126719378527632,FAM228B | RP11-203J24.8 | MYB-AS1 | DSG1 | RP4-773N10.5 | CTB-32O4.2 | TNK1
7 genes,0.0278048518377459,FAM228B | RP11-203J24.8 | MYB-AS1 | DSG1 | RP4-773N10.5 | RP11-358B23.1 | TNK1
7 genes,0.06422265413988,FAM228B | RP11-203J24.8 | MYB-AS1 | DSG1 | FAM3B | CTB-32O4.2 | RP11-358B23.1
7 genes,0.00354341575128669,FAM228B | RP11-203J24.8 | MYB-AS1 | DSG1 | FAM3B | CTB-32O4.2 | TNK1
7 genes,0.00680942590775269,FAM228B | RP11-203J24.8 | MYB-AS1 | DSG1 | FAM3B | RP11-358B23.1 | TNK1
7 genes,0.0343356212565741,FAM228B | RP11-203J24.8 | MYB-AS1 | DSG1 | CTB-32O4.2 | RP11-358B23.1 | TNK1
7 genes,0.00485241468544817,FAM228B | RP11-203J24.8 | MYB-AS1 | RP4-773N10.5 | FAM3B | CTB-32O4.2 | RP11-358B23.1
7 genes,0.0103292466971738,FAM228B | RP11-203J24.8 | MYB-AS1 | RP4-773N10.5 | FAM3B | CTB-32O4.2 | TNK1
7 genes,0.00172388574508719,FAM228B | RP11-203J24.8 | MYB-AS1 | RP4-773N10.5 | FAM3B | RP11-358B23.1 | TNK1
7 genes,0.00867021180833372,FAM228B | RP11-203J24.8 | MYB-AS1 | RP4-773N10.5 | CTB-32O4.2 | RP11-358B23.1 | TNK1
7 genes,0.0127914431048052,FAM228B | RP11-203J24.8 | MYB-AS1 | FAM3B | CTB-32O4.2 | RP11-358B23.1 | TNK1
7 genes,0.037024310448837,FAM228B | RP11-203J24.8 | DSG1 | RP4-773N10.5 | FAM3B | CTB-32O4.2 | RP11-358B23.1
7 genes,0.00742168329619874,FAM228B | RP11-203J24.8 | DSG1 | RP4-773N10.5 | FAM3B | CTB-32O4.2 | TNK1
7 genes,0.00623000011673702,FAM228B | RP11-203J24.8 | DSG1 | RP4-773N10.5 | FAM3B | RP11-358B23.1 | TNK1
7 genes,0.201987009565153,FAM228B | RP11-203J24.8 | DSG1 | RP4-773N10.5 | CTB-32O4.2 | RP11-358B23.1 | TNK1
7 genes,0.0164139319666878,FAM228B | RP11-203J24.8 | DSG1 | FAM3B | CTB-32O4.2 | RP11-358B23.1 | TNK1
7 genes,0.0217008314056403,FAM228B | RP11-203J24.8 | RP4-773N10.5 | FAM3B | CTB-32O4.2 | RP11-358B23.1 | TNK1
7 genes,0.000148159963742289,FAM228B | MYB-AS1 | DSG1 | RP4-773N10.5 | FAM3B | CTB-32O4.2 | RP11-358B23.1
7 genes,0.000912684220759519,FAM228B | MYB-AS1 | DSG1 | RP4-773N10.5 | FAM3B | CTB-32O4.2 | TNK1
7 genes,0.00235495447776424,FAM228B | MYB-AS1 | DSG1 | RP4-773N10.5 | FAM3B | RP11-358B23.1 | TNK1
7 genes,0.000898856343342413,FAM228B | MYB-AS1 | DSG1 | RP4-773N10.5 | CTB-32O4.2 | RP11-358B23.1 | TNK1
7 genes,0.00145632043325883,FAM228B | MYB-AS1 | DSG1 | FAM3B | CTB-32O4.2 | RP11-358B23.1 | TNK1
7 genes,0.00430021174427841,FAM228B | MYB-AS1 | RP4-773N10.5 | FAM3B | CTB-32O4.2 | RP11-358B23.1 | TNK1
7 genes,0.000482053082812683,FAM228B | DSG1 | RP4-773N10.5 | FAM3B | CTB-32O4.2 | RP11-358B23.1 | TNK1
7 genes,0.11806751555618,RP11-203J24.8 | MYB-AS1 | DSG1 | RP4-773N10.5 | FAM3B | CTB-32O4.2 | RP11-358B23.1
7 genes,0.0106190981883502,RP11-203J24.8 | MYB-AS1 | DSG1 | RP4-773N10.5 | FAM3B | CTB-32O4.2 | TNK1
7 genes,0.0448529529902464,RP11-203J24.8 | MYB-AS1 | DSG1 | RP4-773N10.5 | FAM3B | RP11-358B23.1 | TNK1
7 genes,0.0231753988869835,RP11-203J24.8 | MYB-AS1 | DSG1 | RP4-773N10.5 | CTB-32O4.2 | RP11-358B23.1 | TNK1
7 genes,0.0163340182903517,RP11-203J24.8 | MYB-AS1 | DSG1 | FAM3B | CTB-32O4.2 | RP11-358B23.1 | TNK1
7 genes,0.00845861496773948,RP11-203J24.8 | MYB-AS1 | RP4-773N10.5 | FAM3B | CTB-32O4.2 | RP11-358B23.1 | TNK1
7 genes,0.0470613387824212,RP11-203J24.8 | DSG1 | RP4-773N10.5 | FAM3B | CTB-32O4.2 | RP11-358B23.1 | TNK1
7 genes,0.00034951237154135,MYB-AS1 | DSG1 | RP4-773N10.5 | FAM3B | CTB-32O4.2 | RP11-358B23.1 | TNK1
8 genes,0.00154498636421418,RP11-483E7.1 | FAM228B | RP11-203J24.8 | MYB-AS1 | DSG1 | RP4-773N10.5 | FAM3B | CTB-32O4.2
8 genes,0.00662266020669167,RP11-483E7.1 | FAM228B | RP11-203J24.8 | MYB-AS1 | DSG1 | RP4-773N10.5 | FAM3B | RP11-358B23.1
8 genes,0.000583805230164214,RP11-483E7.1 | FAM228B | RP11-203J24.8 | MYB-AS1 | DSG1 | RP4-773N10.5 | FAM3B | TNK1
8 genes,0.00963520772901871,RP11-483E7.1 | FAM228B | RP11-203J24.8 | MYB-AS1 | DSG1 | RP4-773N10.5 | CTB-32O4.2 | RP11-358B23.1
8 genes,0.00202039650152586,RP11-483E7.1 | FAM228B | RP11-203J24.8 | MYB-AS1 | DSG1 | RP4-773N10.5 | CTB-32O4.2 | TNK1
8 genes,0.000406407536195363,RP11-483E7.1 | FAM228B | RP11-203J24.8 | MYB-AS1 | DSG1 | RP4-773N10.5 | RP11-358B23.1 | TNK1
8 genes,0.00577012561736678,RP11-483E7.1 | FAM228B | RP11-203J24.8 | MYB-AS1 | DSG1 | FAM3B | CTB-32O4.2 | RP11-358B23.1
8 genes,0.000880892874909001,RP11-483E7.1 | FAM228B | RP11-203J24.8 | MYB-AS1 | DSG1 | FAM3B | CTB-32O4.2 | TNK1
8 genes,0.000778893070702669,RP11-483E7.1 | FAM228B | RP11-203J24.8 | MYB-AS1 | DSG1 | FAM3B | RP11-358B23.1 | TNK1
8 genes,8.16535287609943e-05,RP11-483E7.1 | FAM228B | RP11-203J24.8 | MYB-AS1 | DSG1 | CTB-32O4.2 | RP11-358B23.1 | TNK1
8 genes,0.000160645079174793,RP11-483E7.1 | FAM228B | RP11-203J24.8 | MYB-AS1 | RP4-773N10.5 | FAM3B | CTB-32O4.2 | RP11-358B23.1
8 genes,0.000190686356469683,RP11-483E7.1 | FAM228B | RP11-203J24.8 | MYB-AS1 | RP4-773N10.5 | FAM3B | CTB-32O4.2 | TNK1
8 genes,0.00025894098544843,RP11-483E7.1 | FAM228B | RP11-203J24.8 | MYB-AS1 | RP4-773N10.5 | FAM3B | RP11-358B23.1 | TNK1
8 genes,0.00052485864064733,RP11-483E7.1 | FAM228B | RP11-203J24.8 | MYB-AS1 | RP4-773N10.5 | CTB-32O4.2 | RP11-358B23.1 | TNK1
8 genes,0.000986317968837302,RP11-483E7.1 | FAM228B | RP11-203J24.8 | MYB-AS1 | FAM3B | CTB-32O4.2 | RP11-358B23.1 | TNK1
8 genes,0.000815086475363658,RP11-483E7.1 | FAM228B | RP11-203J24.8 | DSG1 | RP4-773N10.5 | FAM3B | CTB-32O4.2 | RP11-358B23.1
8 genes,0.000825486531524811,RP11-483E7.1 | FAM228B | RP11-203J24.8 | DSG1 | RP4-773N10.5 | FAM3B | CTB-32O4.2 | TNK1
8 genes,0.000565996520166423,RP11-483E7.1 | FAM228B | RP11-203J24.8 | DSG1 | RP4-773N10.5 | FAM3B | RP11-358B23.1 | TNK1
8 genes,0.00131854558173583,RP11-483E7.1 | FAM228B | RP11-203J24.8 | DSG1 | RP4-773N10.5 | CTB-32O4.2 | RP11-358B23.1 | TNK1
8 genes,0.000262605918930126,RP11-483E7.1 | FAM228B | RP11-203J24.8 | DSG1 | FAM3B | CTB-32O4.2 | RP11-358B23.1 | TNK1
8 genes,0.000311647833976747,RP11-483E7.1 | FAM228B | RP11-203J24.8 | RP4-773N10.5 | FAM3B | CTB-32O4.2 | RP11-358B23.1 | TNK1
8 genes,4.22966611348663e-05,RP11-483E7.1 | FAM228B | MYB-AS1 | DSG1 | RP4-773N10.5 | FAM3B | CTB-32O4.2 | RP11-358B23.1
8 genes,0.0001437347886869,RP11-483E7.1 | FAM228B | MYB-AS1 | DSG1 | RP4-773N10.5 | FAM3B | CTB-32O4.2 | TNK1
8 genes,0.000105889813048377,RP11-483E7.1 | FAM228B | MYB-AS1 | DSG1 | RP4-773N10.5 | FAM3B | RP11-358B23.1 | TNK1
8 genes,2.84970040543842e-05,RP11-483E7.1 | FAM228B | MYB-AS1 | DSG1 | RP4-773N10.5 | CTB-32O4.2 | RP11-358B23.1 | TNK1
8 genes,0.00209695886041872,RP11-483E7.1 | FAM228B | MYB-AS1 | DSG1 | FAM3B | CTB-32O4.2 | RP11-358B23.1 | TNK1
8 genes,0.000131960871039838,RP11-483E7.1 | FAM228B | MYB-AS1 | RP4-773N10.5 | FAM3B | CTB-32O4.2 | RP11-358B23.1 | TNK1
8 genes,0.000122365146180359,RP11-483E7.1 | FAM228B | DSG1 | RP4-773N10.5 | FAM3B | CTB-32O4.2 | RP11-358B23.1 | TNK1
8 genes,0.00195812088778347,RP11-483E7.1 | RP11-203J24.8 | MYB-AS1 | DSG1 | RP4-773N10.5 | FAM3B | CTB-32O4.2 | RP11-358B23.1
8 genes,0.000617139340526207,RP11-483E7.1 | RP11-203J24.8 | MYB-AS1 | DSG1 | RP4-773N10.5 | FAM3B | CTB-32O4.2 | TNK1
8 genes,0.00407244788233752,RP11-483E7.1 | RP11-203J24.8 | MYB-AS1 | DSG1 | RP4-773N10.5 | FAM3B | RP11-358B23.1 | TNK1
8 genes,0.000537584352219511,RP11-483E7.1 | RP11-203J24.8 | MYB-AS1 | DSG1 | RP4-773N10.5 | CTB-32O4.2 | RP11-358B23.1 | TNK1
8 genes,0.00028844399873873,RP11-483E7.1 | RP11-203J24.8 | MYB-AS1 | DSG1 | FAM3B | CTB-32O4.2 | RP11-358B23.1 | TNK1
8 genes,0.000742600910790814,RP11-483E7.1 | RP11-203J24.8 | MYB-AS1 | RP4-773N10.5 | FAM3B | CTB-32O4.2 | RP11-358B23.1 | TNK1
8 genes,0.000303901329651524,RP11-483E7.1 | RP11-203J24.8 | DSG1 | RP4-773N10.5 | FAM3B | CTB-32O4.2 | RP11-358B23.1 | TNK1
8 genes,6.18313241014246e-05,RP11-483E7.1 | MYB-AS1 | DSG1 | RP4-773N10.5 | FAM3B | CTB-32O4.2 | RP11-358B23.1 | TNK1
8 genes,0.00875528193499253,FAM228B | RP11-203J24.8 | MYB-AS1 | DSG1 | RP4-773N10.5 | FAM3B | CTB-32O4.2 | RP11-358B23.1
8 genes,0.00656301000429227,FAM228B | RP11-203J24.8 | MYB-AS1 | DSG1 | RP4-773N10.5 | FAM3B | CTB-32O4.2 | TNK1
8 genes,0.00580953643036997,FAM228B | RP11-203J24.8 | MYB-AS1 | DSG1 | RP4-773N10.5 | FAM3B | RP11-358B23.1 | TNK1
8 genes,0.0318407372745688,FAM228B | RP11-203J24.8 | MYB-AS1 | DSG1 | RP4-773N10.5 | CTB-32O4.2 | RP11-358B23.1 | TNK1
8 genes,0.00520342983026212,FAM228B | RP11-203J24.8 | MYB-AS1 | DSG1 | FAM3B | CTB-32O4.2 | RP11-358B23.1 | TNK1
8 genes,0.0317742249259124,FAM228B | RP11-203J24.8 | MYB-AS1 | RP4-773N10.5 | FAM3B | CTB-32O4.2 | RP11-358B23.1 | TNK1
8 genes,0.0053327414003701,FAM228B | RP11-203J24.8 | DSG1 | RP4-773N10.5 | FAM3B | CTB-32O4.2 | RP11-358B23.1 | TNK1
8 genes,0.000592038512421844,FAM228B | MYB-AS1 | DSG1 | RP4-773N10.5 | FAM3B | CTB-32O4.2 | RP11-358B23.1 | TNK1
8 genes,0.0149105802895291,RP11-203J24.8 | MYB-AS1 | DSG1 | RP4-773N10.5 | FAM3B | CTB-32O4.2 | RP11-358B23.1 | TNK1
9 genes,0.00362463341317709,RP11-483E7.1 | FAM228B | RP11-203J24.8 | MYB-AS1 | DSG1 | RP4-773N10.5 | FAM3B | CTB-32O4.2 | RP11-358B23.1
9 genes,0.000279027395497677,RP11-483E7.1 | FAM228B | RP11-203J24.8 | MYB-AS1 | DSG1 | RP4-773N10.5 | FAM3B | CTB-32O4.2 | TNK1
9 genes,0.000824956808945454,RP11-483E7.1 | FAM228B | RP11-203J24.8 | MYB-AS1 | DSG1 | RP4-773N10.5 | FAM3B | RP11-358B23.1 | TNK1
9 genes,0.000448146085188394,RP11-483E7.1 | FAM228B | RP11-203J24.8 | MYB-AS1 | DSG1 | RP4-773N10.5 | CTB-32O4.2 | RP11-358B23.1 | TNK1
9 genes,0.000222582235647084,RP11-483E7.1 | FAM228B | RP11-203J24.8 | MYB-AS1 | DSG1 | FAM3B | CTB-32O4.2 | RP11-358B23.1 | TNK1
9 genes,0.000742600910790814,RP11-483E7.1 | FAM228B | RP11-203J24.8 | MYB-AS1 | RP4-773N10.5 | FAM3B | CTB-32O4.2 | RP11-358B23.1 | TNK1
9 genes,0.000303901329651524,RP11-483E7.1 | FAM228B | RP11-203J24.8 | DSG1 | RP4-773N10.5 | FAM3B | CTB-32O4.2 | RP11-358B23.1 | TNK1
9 genes,0.000129902457544517,RP11-483E7.1 | FAM228B | MYB-AS1 | DSG1 | RP4-773N10.5 | FAM3B | CTB-32O4.2 | RP11-358B23.1 | TNK1
9 genes,0.000260308527339825,RP11-483E7.1 | RP11-203J24.8 | MYB-AS1 | DSG1 | RP4-773N10.5 | FAM3B | CTB-32O4.2 | RP11-358B23.1 | TNK1
9 genes,0.0419988865264501,FAM228B | RP11-203J24.8 | MYB-AS1 | DSG1 | RP4-773N10.5 | FAM3B | CTB-32O4.2 | RP11-358B23.1 | TNK1
10 genes,0.000260308527339825,RP11-483E7.1 | FAM228B | RP11-203J24.8 | MYB-AS1 | DSG1 | RP4-773N10.5 | FAM3B | CTB-32O4.2 | RP11-358B23.1 | TNK1
